Date,Streamflow (cumecs),Exceedance
1990-06-01,165.5,1
1990-06-02,330.4,0
1990-06-03,344.0,0
1990-06-04,1141.0,0
1990-06-05,765.5,0
1990-06-06,984.0,0
1990-06-07,1003.0,0
1990-06-08,801.5,0
1990-06-09,387.6,0
1990-06-10,277.4,0
1990-06-11,342.9,0
1990-06-12,265.4,0
1990-06-13,242.9,0
1990-06-14,197.8,0
1990-06-15,189.7,0
1990-06-16,175.6,0
1990-06-17,180.0,0
1990-06-18,345.9,0
1990-06-19,306.7,0
1990-06-20,295.4,0
1990-06-21,992.5,0
1990-06-22,792.5,0
1990-06-23,905.5,0
1990-06-24,730.0,0
1990-06-25,505.7,0
1990-06-26,498.3,0
1990-06-27,485.0,0
1990-06-28,929.8,0
1990-06-29,889.4,0
1990-06-30,808.8,0
1990-07-01,956.3,0
1990-07-02,712.6,0
1990-07-03,563.8,0
1990-07-04,528.8,0
1990-07-05,514.0,0
1990-07-06,465.8,0
1990-07-07,824.0,0
1990-07-08,715.3,0
1990-07-09,638.1,0
1990-07-10,596.8,0
1990-07-11,655.9,0
1990-07-12,613.3,0
1990-07-13,675.4,0
1990-07-14,652.2,0
1990-07-15,648.8,0
1990-07-16,568.2,0
1990-07-17,543.6,0
1990-07-18,714.2,0
1990-07-19,1283.0,0
1990-07-20,861.2,0
1990-07-21,725.0,0
1990-07-22,673.0,0
1990-07-23,663.7,0
1990-07-24,505.0,0
1990-07-25,538.6,0
1990-07-26,361.0,0
1990-07-27,375.6,0
1990-07-28,411.5,0
1990-07-29,440.0,0
1990-07-30,450.2,0
1990-07-31,426.9,0
1990-08-01,457.2,0
1990-08-02,396.0,0
1990-08-03,392.3,0
1990-08-04,396.7,0
1990-08-05,311.0,0
1990-08-06,358.9,0
1990-08-07,338.7,0
1990-08-08,348.4,0
1990-08-09,368.8,0
1990-08-10,370.0,0
1990-08-11,407.8,0
1990-08-12,564.6,0
1990-08-13,1448.0,0
1990-08-14,743.3,0
1990-08-15,516.5,0
1990-08-16,416.2,0
1990-08-17,389.0,0
1990-08-18,378.3,0
1990-08-19,368.5,0
1990-08-20,354.9,0
1990-08-21,368.3,0
1990-08-22,314.3,0
1990-08-23,282.7,0
1990-08-24,334.9,0
1990-08-25,277.1,0
1990-08-26,439.0,0
1990-08-27,350.8,0
1990-08-28,332.5,0
1990-08-29,310.2,0
1990-08-30,301.4,0
1990-08-31,298.7,0
1990-09-01,289.4,0
1990-09-02,273.0,0
1990-09-03,261.6,0
1990-09-04,255.3,0
1990-09-05,235.8,0
1990-09-06,283.9,0
1990-09-07,288.3,0
1990-09-08,240.8,0
1990-09-09,240.0,0
1990-09-10,304.8,0
1990-09-11,256.5,0
1990-09-12,249.1,0
1990-09-13,332.6,0
1990-09-14,290.0,0
1990-09-15,289.8,0
1990-09-16,314.0,0
1990-09-17,332.2,0
1990-09-18,331.1,0
1990-09-19,328.8,0
1990-09-20,302.7,0
1990-09-21,303.0,0
1990-09-22,233.1,0
1990-09-23,217.0,0
1990-09-24,406.6,0
1990-09-25,312.9,0
1990-09-26,335.0,0
1990-09-27,335.0,0
1990-09-28,438.0,0
1990-09-29,316.0,0
1990-09-30,355.0,0
1990-10-01,355.4,0
1990-10-02,344.0,0
1990-10-03,307.0,0
1990-10-04,323.1,0
1990-10-05,309.4,0
1990-10-06,315.8,0
1990-10-07,307.0,0
1990-10-08,321.3,0
1990-10-09,282.6,0
1990-10-10,276.2,0
1990-10-11,268.4,0
1990-10-12,241.7,0
1990-10-13,233.5,0
1990-10-14,230.0,0
1990-10-15,280.7,0
1990-10-16,272.9,0
1990-10-17,255.0,0
1990-10-18,253.0,0
1990-10-19,247.0,0
1990-10-20,236.5,0
1990-10-21,234.0,0
1990-10-22,219.3,0
1990-10-23,163.1,0
1990-10-24,155.2,0
1990-10-25,155.1,0
1990-10-26,154.4,0
1990-10-27,150.3,0
1990-10-28,147.0,0
1990-10-29,144.0,0
1990-10-30,166.4,0
1990-10-31,155.7,0
1990-11-01,154.2,0
1990-11-02,141.0,0
1990-11-03,128.4,0
1990-11-04,125.0,0
1990-11-05,125.0,0
1990-11-06,120.2,0
1990-11-07,123.0,0
1990-11-08,122.1,0
1990-11-09,118.4,0
1990-11-10,118.0,0
1990-11-11,110.0,0
1990-11-12,110.2,0
1990-11-13,113.2,0
1990-11-14,113.4,0
1990-11-15,90.43,0
1990-11-16,91.49,0
1990-11-17,90.5,0
1990-11-18,90.0,0
1990-11-19,86.35,0
1990-11-20,82.71,0
1990-11-21,81.35,0
1990-11-22,81.04,0
1990-11-23,79.69,0
1990-11-24,77.77,0
1990-11-25,77.0,0
1990-11-26,58.42,0
1990-11-27,58.89,0
1990-11-28,59.29,0
1990-11-29,70.71,0
1990-11-30,69.42,0
1990-12-01,63.44,0
1990-12-02,62.0,0
1990-12-03,62.11,0
1990-12-04,61.34,0
1990-12-05,60.71,0
1990-12-06,60.64,0
1990-12-07,59.37,0
1990-12-08,57.65,0
1990-12-09,57.0,0
1990-12-10,57.92,0
1990-12-11,56.95,0
1990-12-12,55.85,0
1990-12-13,54.21,0
1990-12-14,53.58,0
1990-12-15,51.57,0
1990-12-16,51.0,0
1990-12-17,50.0,0
1990-12-18,50.39,0
1990-12-19,49.68,0
1990-12-20,55.96,0
1990-12-21,55.4,0
1990-12-22,54.35,0
1990-12-23,54.0,0
1990-12-24,53.0,0
1990-12-25,52.0,0
1990-12-26,51.76,0
1990-12-27,51.36,0
1990-12-28,50.29,0
1990-12-29,49.28,0
1990-12-30,48.0,0
1990-12-31,47.25,0
1991-01-01,48.5,0
1991-01-02,56.27,0
1991-01-03,58.97,0
1991-01-04,56.31,0
1991-01-05,54.68,0
1991-01-06,54.0,0
1991-01-07,53.54,0
1991-01-08,52.12,0
1991-01-09,50.56,0
1991-01-10,50.29,0
1991-01-11,49.45,0
1991-01-12,48.41,0
1991-01-13,48.0,0
1991-01-14,47.14,0
1991-01-15,46.71,0
1991-01-16,46.87,0
1991-01-17,41.21,0
1991-01-18,40.45,0
1991-01-19,39.55,0
1991-01-20,40.0,0
1991-01-21,38.99,0
1991-01-22,38.59,0
1991-01-23,39.03,0
1991-01-24,38.01,0
1991-01-25,38.58,0
1991-01-26,38.0,0
1991-01-27,37.0,0
1991-01-28,37.58,0
1991-01-29,37.17,0
1991-01-30,37.52,0
1991-01-31,36.91,0
1991-02-01,35.77,0
1991-02-02,38.31,0
1991-02-03,37.0,0
1991-02-04,37.58,0
1991-02-05,36.18,0
1991-02-06,35.35,0
1991-02-07,30.02,0
1991-02-08,29.9,0
1991-02-09,29.39,0
1991-02-10,29.0,0
1991-02-11,27.6,0
1991-02-12,30.57,0
1991-02-13,34.28,0
1991-02-14,33.56,0
1991-02-15,31.29,0
1991-02-16,31.35,0
1991-02-17,31.0,0
1991-02-18,30.91,0
1991-02-19,27.55,0
1991-02-20,25.5,0
1991-02-21,25.7,0
1991-02-22,25.35,0
1991-02-23,25.31,0
1991-02-24,25.0,0
1991-02-25,25.35,0
1991-02-26,25.35,0
1991-02-27,26.78,0
1991-02-28,33.72,0
1991-03-01,34.0,0
1991-03-02,32.19,0
1991-03-03,32.0,0
1991-03-04,29.64,0
1991-03-05,29.56,0
1991-03-06,37.78,1
1991-03-07,36.43,0
1991-03-08,31.76,0
1991-03-09,33.82,0
1991-03-10,32.0,0
1991-03-11,30.97,0
1991-03-12,30.62,0
1991-03-13,29.9,0
1991-03-14,29.23,0
1991-03-15,31.55,0
1991-03-16,35.09,0
1991-03-17,34.0,0
1991-03-18,31.27,0
1991-03-19,34.52,0
1991-03-20,37.22,0
1991-03-21,40.91,0
1991-03-22,39.41,0
1991-03-23,38.88,0
1991-03-24,39.0,0
1991-03-25,39.85,0
1991-03-26,38.12,0
1991-03-27,36.15,0
1991-03-28,36.0,0
1991-03-29,36.0,0
1991-03-30,39.05,0
1991-03-31,46.17,0
1991-04-01,53.29,0
1991-04-02,62.63,0
1991-04-03,55.48,0
1991-04-04,63.52,0
1991-04-05,62.31,0
1991-04-06,61.87,0
1991-04-07,64.0,0
1991-04-08,81.43,0
1991-04-09,74.99,0
1991-04-10,70.33,0
1991-04-11,69.14,0
1991-04-12,68.22,0
1991-04-13,57.75,0
1991-04-14,56.0,0
1991-04-15,52.13,0
1991-04-16,49.59,0
1991-04-17,50.0,0
1991-04-18,47.93,0
1991-04-19,47.13,0
1991-04-20,45.93,0
1991-04-21,45.0,0
1991-04-22,44.81,0
1991-04-23,43.65,0
1991-04-24,54.02,0
1991-04-25,55.02,0
1991-04-26,51.43,0
1991-04-27,64.41,0
1991-04-28,64.0,0
1991-04-29,64.7,0
1991-04-30,62.33,0
1991-05-01,165.1,0
1991-05-02,143.0,0
1991-05-03,133.3,0
1991-05-04,158.4,0
1991-05-05,127.2,0
1991-05-06,167.2,0
1991-05-07,169.2,0
1991-05-08,191.4,0
1991-05-09,227.0,0
1991-05-10,500.8,0
1991-05-11,212.8,0
1991-05-12,226.9,0
1991-05-13,535.4,0
1991-05-14,672.5,0
1991-05-15,690.4,0
1991-05-16,629.0,0
1991-05-17,598.2,0
1991-05-18,424.1,0
1991-05-19,451.2,0
1991-05-20,617.2,0
1991-05-21,534.7,0
1991-05-22,504.7,0
1991-05-23,628.0,0
1991-05-24,526.8,0
1991-05-25,303.8,0
1991-05-26,293.3,0
1991-05-27,297.3,0
1991-05-28,276.8,0
1991-05-29,292.0,0
1991-05-30,925.0,0
1991-05-31,545.05,0
1991-06-01,165.1,0
1991-06-02,143.0,0
1991-06-03,133.3,0
1991-06-04,158.4,0
1991-06-05,127.2,0
1991-06-06,167.2,0
1991-06-07,169.2,0
1991-06-08,191.4,0
1991-06-09,227.0,0
1991-06-10,500.8,0
1991-06-11,212.8,0
1991-06-12,226.9,0
1991-06-13,535.4,0
1991-06-14,672.5,0
1991-06-15,690.4,0
1991-06-16,629.0,0
1991-06-17,598.2,0
1991-06-18,424.1,0
1991-06-19,451.2,0
1991-06-20,617.2,0
1991-06-21,534.7,0
1991-06-22,504.7,0
1991-06-23,628.0,0
1991-06-24,526.8,0
1991-06-25,303.8,0
1991-06-26,293.3,0
1991-06-27,297.3,0
1991-06-28,276.8,0
1991-06-29,292.0,0
1991-06-30,925.0,0
1991-07-01,746.9,0
1991-07-02,987.9,0
1991-07-03,1748.0,0
1991-07-04,704.2,0
1991-07-05,634.5,0
1991-07-06,690.7,0
1991-07-07,652.0,0
1991-07-08,652.2,0
1991-07-09,605.3,0
1991-07-10,571.6,0
1991-07-11,608.2,0
1991-07-12,555.0,0
1991-07-13,571.2,0
1991-07-14,429.0,0
1991-07-15,420.6,0
1991-07-16,433.7,0
1991-07-17,437.4,0
1991-07-18,463.3,0
1991-07-19,452.6,0
1991-07-20,456.4,0
1991-07-21,456.0,0
1991-07-22,413.8,0
1991-07-23,412.0,0
1991-07-24,408.7,0
1991-07-25,372.9,0
1991-07-26,361.7,0
1991-07-27,351.5,0
1991-07-28,343.0,0
1991-07-29,357.0,0
1991-07-30,471.1,0
1991-07-31,274.8,0
1991-08-01,502.0,0
1991-08-02,465.7,0
1991-08-03,523.6,0
1991-08-04,490.0,0
1991-08-05,455.9,0
1991-08-06,514.6,0
1991-08-07,700.6,0
1991-08-08,716.8,0
1991-08-09,511.6,0
1991-08-10,526.2,0
1991-08-11,447.0,0
1991-08-12,357.6,0
1991-08-13,431.5,0
1991-08-14,425.6,0
1991-08-15,453.0,0
1991-08-16,549.9,0
1991-08-17,542.7,0
1991-08-18,525.0,0
1991-08-19,363.1,0
1991-08-20,387.8,0
1991-08-21,321.7,0
1991-08-22,360.6,0
1991-08-23,354.9,0
1991-08-24,352.3,0
1991-08-25,352.0,0
1991-08-26,336.4,0
1991-08-27,405.4,0
1991-08-28,423.4,0
1991-08-29,381.5,0
1991-08-30,393.9,0
1991-08-31,390.2,0
1991-09-01,446.0,0
1991-09-02,439.3,0
1991-09-03,777.9,0
1991-09-04,721.2,0
1991-09-05,676.2,0
1991-09-06,647.5,0
1991-09-07,690.9,0
1991-09-08,742.0,0
1991-09-09,1094.0,0
1991-09-10,1067.0,0
1991-09-11,1100.0,0
1991-09-12,1062.0,0
1991-09-13,904.1,0
1991-09-14,815.0,0
1991-09-15,782.0,0
1991-09-16,1010.0,0
1991-09-17,758.4,0
1991-09-18,692.0,0
1991-09-19,582.3,0
1991-09-20,489.7,0
1991-09-21,476.7,0
1991-09-22,390.0,0
1991-09-23,411.5,0
1991-09-24,389.5,0
1991-09-25,365.6,0
1991-09-26,439.5,0
1991-09-27,416.3,0
1991-09-28,406.0,0
1991-09-29,347.0,0
1991-09-30,286.9,0
1991-10-01,285.3,0
1991-10-02,276.0,0
1991-10-03,276.3,0
1991-10-04,271.8,0
1991-10-05,270.1,0
1991-10-06,278.0,0
1991-10-07,285.9,0
1991-10-08,272.6,0
1991-10-09,281.8,0
1991-10-10,275.0,0
1991-10-11,276.5,0
1991-10-12,274.6,0
1991-10-13,253.0,0
1991-10-14,252.7,0
1991-10-15,248.4,0
1991-10-16,247.0,0
1991-10-17,245.0,0
1991-10-18,245.0,0
1991-10-19,241.1,0
1991-10-20,238.0,0
1991-10-21,234.5,0
1991-10-22,182.7,0
1991-10-23,158.4,0
1991-10-24,155.8,0
1991-10-25,145.9,0
1991-10-26,149.5,0
1991-10-27,149.0,0
1991-10-28,148.4,0
1991-10-29,146.9,0
1991-10-30,144.3,0
1991-10-31,145.9,0
1991-11-01,144.8,0
1991-11-02,142.2,0
1991-11-03,142.0,0
1991-11-04,139.9,0
1991-11-05,140.0,0
1991-11-06,137.7,0
1991-11-07,136.8,0
1991-11-08,135.0,0
1991-11-09,132.1,0
1991-11-10,132.0,0
1991-11-11,130.8,0
1991-11-12,133.8,0
1991-11-13,118.6,0
1991-11-14,71.92,0
1991-11-15,71.58,0
1991-11-16,69.47,0
1991-11-17,69.0,0
1991-11-18,71.49,0
1991-11-19,69.13,0
1991-11-20,68.01,0
1991-11-21,67.0,0
1991-11-22,66.62,0
1991-11-23,66.14,0
1991-11-24,65.0,0
1991-11-25,64.76,0
1991-11-26,65.29,0
1991-11-27,59.64,0
1991-11-28,58.71,0
1991-11-29,56.51,0
1991-11-30,56.19,0
1991-12-01,56.0,0
1991-12-02,55.1,0
1991-12-03,54.8,0
1991-12-04,52.7,0
1991-12-05,52.52,0
1991-12-06,49.3,0
1991-12-07,49.24,0
1991-12-08,49.0,0
1991-12-09,48.47,0
1991-12-10,47.22,0
1991-12-11,47.22,0
1991-12-12,46.73,0
1991-12-13,45.99,0
1991-12-14,45.99,0
1991-12-15,46.0,0
1991-12-16,45.81,0
1991-12-17,46.63,0
1991-12-18,45.0,0
1991-12-19,42.6,0
1991-12-20,40.98,0
1991-12-21,40.55,0
1991-12-22,40.0,0
1991-12-23,40.21,0
1991-12-24,39.56,0
1991-12-25,40.0,0
1991-12-26,41.99,0
1991-12-27,40.71,0
1991-12-28,41.82,0
1991-12-29,41.0,0
1991-12-30,41.41,0
1991-12-31,39.26,0
1992-01-01,38.79,0
1992-01-02,37.78,0
1992-01-03,44.84,0
1992-01-04,44.06,0
1992-01-05,44.0,0
1992-01-06,43.93,0
1992-01-07,43.39,0
1992-01-08,43.13,0
1992-01-09,42.43,0
1992-01-10,41.86,0
1992-01-11,41.65,0
1992-01-12,41.0,0
1992-01-13,40.25,0
1992-01-14,39.98,0
1992-01-15,37.4,0
1992-01-16,37.33,0
1992-01-17,36.9,0
1992-01-18,36.69,0
1992-01-19,37.0,0
1992-01-20,36.51,0
1992-01-21,36.06,0
1992-01-22,35.93,0
1992-01-23,35.82,0
1992-01-24,34.88,0
1992-01-25,33.33,0
1992-01-26,33.0,0
1992-01-27,32.71,0
1992-01-28,32.28,0
1992-01-29,34.29,0
1992-01-30,33.46,0
1992-01-31,33.05,0
1992-02-01,32.98,0
1992-02-02,37.0,0
1992-02-03,35.74,0
1992-02-04,35.36,0
1992-02-05,34.8,0
1992-02-06,34.48,0
1992-02-07,33.69,0
1992-02-08,34.68,0
1992-02-09,36.0,0
1992-02-10,28.62,0
1992-02-11,28.06,0
1992-02-12,27.41,0
1992-02-13,26.92,0
1992-02-14,26.95,0
1992-02-15,26.38,0
1992-02-16,26.0,0
1992-02-17,26.22,0
1992-02-18,26.93,0
1992-02-19,26.86,0
1992-02-20,26.52,0
1992-02-21,26.23,0
1992-02-22,27.45,0
1992-02-23,27.0,0
1992-02-24,27.15,0
1992-02-25,26.72,0
1992-02-26,26.38,0
1992-02-27,25.94,0
1992-02-28,25.52,0
1992-02-29,25.17,0
1992-03-01,25.0,0
1992-03-02,25.95,0
1992-03-03,26.48,0
1992-03-04,26.3,0
1992-03-05,25.37,0
1992-03-06,25.45,0
1992-03-07,27.78,0
1992-03-08,27.0,0
1992-03-09,27.01,0
1992-03-10,25.91,0
1992-03-11,25.5,0
1992-03-12,25.93,0
1992-03-13,25.57,0
1992-03-14,25.2,0
1992-03-15,27.0,0
1992-03-16,28.86,0
1992-03-17,28.3,0
1992-03-18,27.31,0
1992-03-19,27.0,0
1992-03-20,26.86,0
1992-03-21,26.39,0
1992-03-22,26.0,0
1992-03-23,27.52,0
1992-03-24,29.62,0
1992-03-25,27.46,0
1992-03-26,28.31,0
1992-03-27,27.3,0
1992-03-28,26.7,0
1992-03-29,26.0,0
1992-03-30,26.55,0
1992-03-31,26.54,0
1992-04-01,26.7,0
1992-04-02,26.27,0
1992-04-03,26.12,0
1992-04-04,26.2,0
1992-04-05,26.0,0
1992-04-06,25.13,0
1992-04-07,45.96,1
1992-04-08,44.78,0
1992-04-09,43.1,0
1992-04-10,41.52,0
1992-04-11,40.93,0
1992-04-12,40.0,0
1992-04-13,41.79,0
1992-04-14,40.0,0
1992-04-15,38.0,0
1992-04-16,36.97,0
1992-04-17,31.0,0
1992-04-18,21.18,0
1992-04-19,21.0,0
1992-04-20,42.74,0
1992-04-21,38.5,0
1992-04-22,38.09,0
1992-04-23,51.6,0
1992-04-24,40.41,0
1992-04-25,38.76,0
1992-04-26,36.0,0
1992-04-27,43.01,0
1992-04-28,41.37,0
1992-04-29,40.22,0
1992-04-30,38.69,0
1992-05-01,44.71,0
1992-05-02,42.51,0
1992-05-03,44.0,0
1992-05-04,46.19,0
1992-05-05,54.56,0
1992-05-06,52.38,0
1992-05-07,59.78,0
1992-05-08,86.48,0
1992-05-09,68.39,0
1992-05-10,70.0,0
1992-05-11,71.33,0
1992-05-12,72.08,0
1992-05-13,64.16,0
1992-05-14,62.81,0
1992-05-15,63.96,0
1992-05-16,60.0,0
1992-05-17,66.0,0
1992-05-18,70.05,0
1992-05-19,88.12,0
1992-05-20,74.71,0
1992-05-21,72.09,0
1992-05-22,68.23,0
1992-05-23,69.97,0
1992-05-24,67.0,0
1992-05-25,67.23,0
1992-05-26,71.52,0
1992-05-27,74.74,0
1992-05-28,76.2,0
1992-05-29,73.3,0
1992-05-30,83.16,0
1992-05-31,86.0,0
1992-06-01,98.43,0
1992-06-02,92.25,0
1992-06-03,86.87,0
1992-06-04,76.71,0
1992-06-05,75.03,0
1992-06-06,87.5,0
1992-06-07,89.0,0
1992-06-08,82.57,0
1992-06-09,78.78,0
1992-06-10,78.72,0
1992-06-11,87.49,0
1992-06-12,85.0,0
1992-06-13,100.0,0
1992-06-14,96.0,0
1992-06-15,92.81,0
1992-06-16,89.81,0
1992-06-17,86.86,0
1992-06-18,88.45,0
1992-06-19,89.63,0
1992-06-20,103.1,0
1992-06-21,109.0,0
1992-06-22,107.1,0
1992-06-23,138.1,0
1992-06-24,356.9,0
1992-06-25,257.8,0
1992-06-26,255.1,0
1992-06-27,249.7,0
1992-06-28,251.0,0
1992-06-29,241.6,0
1992-06-30,202.6,0
1992-07-01,164.9,0
1992-07-02,168.8,0
1992-07-03,178.7,0
1992-07-04,181.1,0
1992-07-05,188.0,0
1992-07-06,174.1,0
1992-07-07,494.0,0
1992-07-08,365.9,0
1992-07-09,265.7,0
1992-07-10,399.2,0
1992-07-11,286.0,0
1992-07-12,332.0,0
1992-07-13,439.3,0
1992-07-14,372.7,0
1992-07-15,423.9,0
1992-07-16,372.8,0
1992-07-17,417.4,0
1992-07-18,391.6,0
1992-07-19,390.5,0
1992-07-20,389.6,0
1992-07-21,493.0,0
1992-07-22,561.5,0
1992-07-23,408.7,0
1992-07-24,397.5,0
1992-07-25,385.9,0
1992-07-26,404.0,0
1992-07-27,425.1,0
1992-07-28,410.1,0
1992-07-29,400.9,0
1992-07-30,402.5,0
1992-07-31,394.5,0
1992-08-01,359.4,0
1992-08-02,421.0,0
1992-08-03,396.6,0
1992-08-04,403.4,0
1992-08-05,376.8,0
1992-08-06,373.9,0
1992-08-07,383.6,0
1992-08-08,387.1,0
1992-08-09,399.0,0
1992-08-10,393.3,0
1992-08-11,376.2,0
1992-08-12,357.5,0
1992-08-13,352.0,0
1992-08-14,349.7,0
1992-08-15,365.0,0
1992-08-16,365.0,0
1992-08-17,372.5,0
1992-08-18,380.1,0
1992-08-19,375.1,0
1992-08-20,370.5,0
1992-08-21,383.4,0
1992-08-22,393.3,0
1992-08-23,520.0,0
1992-08-24,478.2,0
1992-08-25,465.3,0
1992-08-26,475.5,0
1992-08-27,460.6,0
1992-08-28,455.0,0
1992-08-29,415.3,0
1992-08-30,339.0,0
1992-08-31,364.6,0
1992-09-01,357.9,0
1992-09-02,334.5,0
1992-09-03,327.4,0
1992-09-04,321.5,0
1992-09-05,316.4,0
1992-09-06,318.0,0
1992-09-07,318.9,0
1992-09-08,314.5,0
1992-09-09,355.5,0
1992-09-10,333.9,0
1992-09-11,299.0,0
1992-09-12,357.0,0
1992-09-13,511.0,0
1992-09-14,442.0,0
1992-09-15,414.3,0
1992-09-16,404.5,0
1992-09-17,408.1,0
1992-09-18,404.7,0
1992-09-19,348.7,0
1992-09-20,339.0,0
1992-09-21,329.2,0
1992-09-22,324.6,0
1992-09-23,322.1,0
1992-09-24,311.8,0
1992-09-25,305.3,0
1992-09-26,300.9,0
1992-09-27,304.0,0
1992-09-28,301.0,0
1992-09-29,297.6,0
1992-09-30,295.4,0
1992-10-01,288.5,0
1992-10-02,223.0,0
1992-10-03,239.0,0
1992-10-04,190.0,0
1992-10-05,173.0,0
1992-10-06,156.9,0
1992-10-07,150.5,0
1992-10-08,140.4,0
1992-10-09,136.3,0
1992-10-10,134.6,0
1992-10-11,134.0,0
1992-10-12,136.2,0
1992-10-13,136.9,0
1992-10-14,142.4,0
1992-10-15,513.0,0
1992-10-16,286.7,0
1992-10-17,244.6,0
1992-10-18,178.0,0
1992-10-19,145.8,0
1992-10-20,136.7,0
1992-10-21,135.1,0
1992-10-22,134.0,0
1992-10-23,131.7,0
1992-10-24,130.8,0
1992-10-25,122.0,0
1992-10-26,113.2,0
1992-10-27,116.3,0
1992-10-28,113.5,0
1992-10-29,111.8,0
1992-10-30,109.5,0
1992-10-31,108.2,0
1992-11-01,108.0,0
1992-11-02,105.2,0
1992-11-03,103.7,0
1992-11-04,100.2,0
1992-11-05,98.96,0
1992-11-06,96.82,0
1992-11-07,94.46,0
1992-11-08,93.0,0
1992-11-09,92.4,0
1992-11-10,91.0,0
1992-11-11,90.24,0
1992-11-12,88.99,0
1992-11-13,68.17,0
1992-11-14,67.27,0
1992-11-15,76.0,0
1992-11-16,85.32,0
1992-11-17,83.02,0
1992-11-18,65.92,0
1992-11-19,65.02,0
1992-11-20,64.25,0
1992-11-21,63.39,0
1992-11-22,62.0,0
1992-11-23,62.45,0
1992-11-24,61.3,0
1992-11-25,60.12,0
1992-11-26,59.07,0
1992-11-27,57.75,0
1992-11-28,57.35,0
1992-11-29,56.0,0
1992-11-30,55.98,0
1992-12-01,54.31,0
1992-12-02,53.1,0
1992-12-03,52.79,0
1992-12-04,51.45,0
1992-12-05,51.72,0
1992-12-06,51.0,0
1992-12-07,51.34,0
1992-12-08,50.51,0
1992-12-09,50.3,0
1992-12-10,48.19,0
1992-12-11,48.05,0
1992-12-12,47.03,0
1992-12-13,47.0,0
1992-12-14,46.81,0
1992-12-15,45.1,0
1992-12-16,44.04,0
1992-12-17,43.14,0
1992-12-18,41.59,0
1992-12-19,40.94,0
1992-12-20,40.0,0
1992-12-21,40.18,0
1992-12-22,39.69,0
1992-12-23,39.59,0
1992-12-24,39.36,0
1992-12-25,39.0,0
1992-12-26,39.02,0
1992-12-27,39.0,0
1992-12-28,35.44,0
1992-12-29,34.81,0
1992-12-30,34.21,0
1992-12-31,34.19,0
1993-01-01,32.76,0
1993-01-02,32.77,0
1993-01-03,32.0,0
1993-01-04,32.08,0
1993-01-05,31.61,0
1993-01-06,30.8,0
1993-01-07,30.85,0
1993-01-08,30.24,0
1993-01-09,30.38,0
1993-01-10,30.0,0
1993-01-11,29.79,0
1993-01-12,29.6,0
1993-01-13,29.44,0
1993-01-14,29.12,0
1993-01-15,29.04,0
1993-01-16,28.76,0
1993-01-17,28.0,0
1993-01-18,28.15,0
1993-01-19,27.78,0
1993-01-20,29.21,0
1993-01-21,29.19,0
1993-01-22,27.69,0
1993-01-23,28.73,0
1993-01-24,28.0,0
1993-01-25,27.19,0
1993-01-26,27.0,0
1993-01-27,26.84,0
1993-01-28,26.49,0
1993-01-29,26.46,0
1993-01-30,25.98,0
1993-01-31,26.0,0
1993-02-01,25.52,0
1993-02-02,25.62,0
1993-02-03,25.51,0
1993-02-04,25.24,0
1993-02-05,24.62,0
1993-02-06,24.45,0
1993-02-07,24.0,0
1993-02-08,24.13,0
1993-02-09,24.03,0
1993-02-10,24.56,0
1993-02-11,23.87,0
1993-02-12,23.81,0
1993-02-13,24.19,0
1993-02-14,25.0,0
1993-02-15,24.77,0
1993-02-16,25.93,0
1993-02-17,26.89,0
1993-02-18,26.79,0
1993-02-19,26.86,0
1993-02-20,26.76,0
1993-02-21,26.0,0
1993-02-22,26.2,0
1993-02-23,25.75,0
1993-02-24,25.35,0
1993-02-25,25.45,0
1993-02-26,25.2,0
1993-02-27,25.03,0
1993-02-28,24.0,0
1993-03-01,23.93,0
1993-03-02,23.71,0
1993-03-03,23.45,0
1993-03-04,23.55,0
1993-03-05,22.95,0
1993-03-06,22.77,0
1993-03-07,23.0,0
1993-03-08,23.0,0
1993-03-09,22.51,0
1993-03-10,22.21,0
1993-03-11,21.94,0
1993-03-12,21.44,0
1993-03-13,21.39,0
1993-03-14,21.0,0
1993-03-15,21.2,0
1993-03-16,21.16,0
1993-03-17,21.79,0
1993-03-18,21.78,0
1993-03-19,21.6,0
1993-03-20,21.75,0
1993-03-21,21.0,0
1993-03-22,21.3,0
1993-03-23,21.17,0
1993-03-24,20.92,0
1993-03-25,21.0,0
1993-03-26,21.65,0
1993-03-27,35.15,0
1993-03-28,28.0,0
1993-03-29,22.0,0
1993-03-30,21.38,0
1993-03-31,21.45,0
1993-04-01,20.91,0
1993-04-02,20.81,0
1993-04-03,20.5,0
1993-04-04,20.0,0
1993-04-05,20.0,0
1993-04-06,20.15,0
1993-04-07,19.91,0
1993-04-08,19.61,0
1993-04-09,20.0,0
1993-04-10,35.33,0
1993-04-11,34.0,0
1993-04-12,34.78,0
1993-04-13,40.99,1
1993-04-14,39.0,0
1993-04-15,37.78,0
1993-04-16,38.12,0
1993-04-17,40.23,0
1993-04-18,42.0,0
1993-04-19,46.71,0
1993-04-20,43.13,0
1993-04-21,41.25,0
1993-04-22,40.25,0
1993-04-23,38.62,0
1993-04-24,38.92,0
1993-04-25,40.0,0
1993-04-26,44.24,0
1993-04-27,57.86,0
1993-04-28,56.91,0
1993-04-29,62.26,0
1993-04-30,64.09,0
1993-05-01,61.79,0
1993-05-02,91.0,0
1993-05-03,86.45,0
1993-05-04,96.76,0
1993-05-05,374.7,0
1993-05-06,282.0,0
1993-05-07,134.7,0
1993-05-08,129.8,0
1993-05-09,115.0,0
1993-05-10,102.4,0
1993-05-11,94.1,0
1993-05-12,102.3,0
1993-05-13,99.09,0
1993-05-14,128.3,0
1993-05-15,128.4,0
1993-05-16,126.0,0
1993-05-17,123.1,0
1993-05-18,182.4,0
1993-05-19,185.0,0
1993-05-20,143.0,0
1993-05-21,183.6,0
1993-05-22,189.1,0
1993-05-23,169.0,0
1993-05-24,149.3,0
1993-05-25,115.3,0
1993-05-26,120.3,0
1993-05-27,118.4,0
1993-05-28,145.3,0
1993-05-29,127.7,0
1993-05-30,160.0,0
1993-05-31,129.5,0
1993-06-01,229.1,0
1993-06-02,229.0,0
1993-06-03,216.6,0
1993-06-04,201.7,0
1993-06-05,232.4,0
1993-06-06,242.0,0
1993-06-07,234.0,0
1993-06-08,223.2,0
1993-06-09,235.1,0
1993-06-10,290.4,0
1993-06-11,255.8,0
1993-06-12,245.9,0
1993-06-13,232.0,0
1993-06-14,228.9,0
1993-06-15,221.3,0
1993-06-16,218.2,0
1993-06-17,213.1,0
1993-06-18,235.0,0
1993-06-19,234.9,0
1993-06-20,241.0,0
1993-06-21,298.2,0
1993-06-22,249.7,0
1993-06-23,283.8,0
1993-06-24,246.3,0
1993-06-25,241.3,0
1993-06-26,279.7,0
1993-06-27,305.0,0
1993-06-28,259.9,0
1993-06-29,239.0,0
1993-06-30,383.9,0
1993-07-01,369.0,0
1993-07-02,322.6,0
1993-07-03,347.1,0
1993-07-04,324.0,0
1993-07-05,315.0,0
1993-07-06,322.8,0
1993-07-07,270.8,0
1993-07-08,270.6,0
1993-07-09,251.2,0
1993-07-10,271.8,0
1993-07-11,295.0,0
1993-07-12,237.5,0
1993-07-13,227.1,0
1993-07-14,229.9,0
1993-07-15,271.6,0
1993-07-16,263.2,0
1993-07-17,275.4,0
1993-07-18,158.0,0
1993-07-19,1740.0,0
1993-07-20,1410.0,0
1993-07-21,1137.0,0
1993-07-22,212.7,0
1993-07-23,319.9,0
1993-07-24,320.3,0
1993-07-25,355.0,0
1993-07-26,338.1,0
1993-07-27,350.3,0
1993-07-28,305.1,0
1993-07-29,318.0,0
1993-07-30,277.7,0
1993-07-31,287.8,0
1993-08-01,284.0,0
1993-08-02,281.3,0
1993-08-03,321.9,0
1993-08-04,326.0,0
1993-08-05,311.4,0
1993-08-06,510.4,0
1993-08-07,319.0,0
1993-08-08,863.0,0
1993-08-09,434.0,0
1993-08-10,300.2,0
1993-08-11,329.1,0
1993-08-12,313.9,0
1993-08-13,288.5,0
1993-08-14,267.5,0
1993-08-15,265.0,0
1993-08-16,258.9,0
1993-08-17,249.9,0
1993-08-18,241.6,0
1993-08-19,235.7,0
1993-08-20,239.8,0
1993-08-21,247.5,0
1993-08-22,300.0,0
1993-08-23,256.9,0
1993-08-24,246.4,0
1993-08-25,245.1,0
1993-08-26,241.5,0
1993-08-27,243.9,0
1993-08-28,266.1,0
1993-08-29,288.0,0
1993-08-30,280.0,0
1993-08-31,292.0,0
1993-09-01,261.1,0
1993-09-02,264.4,0
1993-09-03,261.9,0
1993-09-04,267.2,0
1993-09-05,270.0,0
1993-09-06,283.3,0
1993-09-07,268.1,0
1993-09-08,255.4,0
1993-09-09,257.0,0
1993-09-10,281.3,0
1993-09-11,237.0,0
1993-09-12,231.0,0
1993-09-13,223.4,0
1993-09-14,216.7,0
1993-09-15,205.6,0
1993-09-16,204.0,0
1993-09-17,198.7,0
1993-09-18,198.5,0
1993-09-19,197.0,0
1993-09-20,196.2,0
1993-09-21,190.7,0
1993-09-22,184.6,0
1993-09-23,180.4,0
1993-09-24,188.5,0
1993-09-25,181.1,0
1993-09-26,180.0,0
1993-09-27,177.9,0
1993-09-28,192.5,0
1993-09-29,179.6,0
1993-09-30,198.8,0
1993-10-01,192.7,0
1993-10-02,186.0,0
1993-10-03,182.0,0
1993-10-04,176.1,0
1993-10-05,174.6,0
1993-10-06,169.9,0
1993-10-07,162.3,0
1993-10-08,160.2,0
1993-10-09,155.5,0
1993-10-10,154.0,0
1993-10-11,161.1,0
1993-10-12,156.5,0
1993-10-13,153.0,0
1993-10-14,158.7,0
1993-10-15,156.5,0
1993-10-16,156.6,0
1993-10-17,154.0,0
1993-10-18,149.9,0
1993-10-19,148.5,0
1993-10-20,141.5,0
1993-10-21,139.7,0
1993-10-22,138.0,0
1993-10-23,137.0,0
1993-10-24,137.0,0
1993-10-25,136.4,0
1993-10-26,134.7,0
1993-10-27,131.6,0
1993-10-28,131.2,0
1993-10-29,130.3,0
1993-10-30,129.5,0
1993-10-31,128.0,0
1993-11-01,127.8,0
1993-11-02,126.4,0
1993-11-03,125.3,0
1993-11-04,123.5,0
1993-11-05,122.5,0
1993-11-06,122.4,0
1993-11-07,122.0,0
1993-11-08,120.6,0
1993-11-09,118.1,0
1993-11-10,117.0,0
1993-11-11,116.9,0
1993-11-12,116.0,0
1993-11-13,115.0,0
1993-11-14,115.0,0
1993-11-15,114.5,0
1993-11-16,114.6,0
1993-11-17,113.4,0
1993-11-18,113.4,0
1993-11-19,112.8,0
1993-11-20,112.1,0
1993-11-21,111.0,0
1993-11-22,111.2,0
1993-11-23,109.4,0
1993-11-24,107.5,0
1993-11-25,105.8,0
1993-11-26,104.9,0
1993-11-27,103.7,0
1993-11-28,103.0,0
1993-11-29,102.0,0
1993-11-30,101.5,0
1993-12-01,98.38,0
1993-12-02,97.35,0
1993-12-03,61.29,0
1993-12-04,60.99,0
1993-12-05,59.0,0
1993-12-06,58.64,0
1993-12-07,59.94,0
1993-12-08,60.78,0
1993-12-09,59.89,0
1993-12-10,59.39,0
1993-12-11,58.55,0
1993-12-12,58.0,0
1993-12-13,57.79,0
1993-12-14,57.27,0
1993-12-15,56.65,0
1993-12-16,56.32,0
1993-12-17,53.85,0
1993-12-18,54.34,0
1993-12-19,54.0,0
1993-12-20,53.71,0
1993-12-21,53.69,0
1993-12-22,53.08,0
1993-12-23,52.36,0
1993-12-24,52.03,0
1993-12-25,52.0,0
1993-12-26,52.0,0
1993-12-27,51.37,0
1993-12-28,51.15,0
1993-12-29,51.17,0
1993-12-30,50.79,0
1993-12-31,50.42,0
1994-01-01,49.79,0
1994-01-02,49.0,0
1994-01-03,48.96,0
1994-01-04,48.74,0
1994-01-05,48.73,0
1994-01-06,47.77,0
1994-01-07,46.56,0
1994-01-08,46.18,0
1994-01-09,46.0,0
1994-01-10,45.73,0
1994-01-11,45.13,0
1994-01-12,45.54,0
1994-01-13,45.24,0
1994-01-14,44.7,0
1994-01-15,42.26,0
1994-01-16,43.0,0
1994-01-17,44.39,0
1994-01-18,44.96,0
1994-01-19,44.46,0
1994-01-20,44.18,0
1994-01-21,43.6,0
1994-01-22,43.37,0
1994-01-23,43.0,0
1994-01-24,43.09,0
1994-01-25,42.13,0
1994-01-26,42.0,0
1994-01-27,41.65,0
1994-01-28,42.54,0
1994-01-29,40.64,0
1994-01-30,41.0,0
1994-01-31,41.68,0
1994-02-01,41.24,0
1994-02-02,40.92,0
1994-02-03,39.2,0
1994-02-04,38.98,0
1994-02-05,38.54,0
1994-02-06,38.0,0
1994-02-07,38.01,0
1994-02-08,36.65,0
1994-02-09,36.17,0
1994-02-10,57.01,0
1994-02-11,49.15,0
1994-02-12,47.4,0
1994-02-13,46.0,0
1994-02-14,44.19,0
1994-02-15,44.09,0
1994-02-16,42.12,0
1994-02-17,38.96,0
1994-02-18,38.51,0
1994-02-19,38.39,0
1994-02-20,37.0,0
1994-02-21,37.48,0
1994-02-22,37.37,0
1994-02-23,43.75,0
1994-02-24,41.7,0
1994-02-25,41.26,0
1994-02-26,37.91,0
1994-02-27,38.0,0
1994-02-28,37.64,0
1994-03-01,37.34,0
1994-03-02,36.62,0
1994-03-03,37.06,0
1994-03-04,36.95,0
1994-03-05,36.5,0
1994-03-06,36.0,0
1994-03-07,36.08,0
1994-03-08,35.88,0
1994-03-09,35.49,0
1994-03-10,35.79,0
1994-03-11,35.13,0
1994-03-12,34.71,0
1994-03-13,35.0,0
1994-03-14,35.0,0
1994-03-15,39.48,0
1994-03-16,45.1,0
1994-03-17,43.37,0
1994-03-18,53.65,0
1994-03-19,43.05,0
1994-03-20,43.0,0
1994-03-21,62.64,0
1994-03-22,61.25,0
1994-03-23,60.93,0
1994-03-24,55.14,0
1994-03-25,51.88,0
1994-03-26,52.62,0
1994-03-27,53.0,0
1994-03-28,54.78,0
1994-03-29,50.88,0
1994-03-30,49.58,0
1994-03-31,49.8,0
1994-04-01,58.0,0
1994-04-02,66.86,0
1994-04-03,66.0,0
1994-04-04,70.55,0
1994-04-05,61.18,0
1994-04-06,60.2,0
1994-04-07,60.79,0
1994-04-08,59.82,0
1994-04-09,59.07,0
1994-04-10,58.0,0
1994-04-11,57.48,0
1994-04-12,56.04,0
1994-04-13,55.16,0
1994-04-14,55.0,0
1994-04-15,54.61,0
1994-04-16,53.55,0
1994-04-17,53.0,0
1994-04-18,52.29,0
1994-04-19,55.73,0
1994-04-20,56.74,0
1994-04-21,60.2,0
1994-04-22,61.36,0
1994-04-23,71.86,0
1994-04-24,62.0,0
1994-04-25,77.2,0
1994-04-26,62.47,0
1994-04-27,60.88,0
1994-04-28,70.08,0
1994-04-29,61.79,0
1994-04-30,62.69,0
1994-05-01,61.0,0
1994-05-02,61.37,0
1994-05-03,70.72,0
1994-05-04,128.9,0
1994-05-05,109.9,0
1994-05-06,109.3,0
1994-05-07,105.6,0
1994-05-08,106.0,0
1994-05-09,100.6,0
1994-05-10,98.99,0
1994-05-11,102.7,0
1994-05-12,100.2,0
1994-05-13,102.7,0
1994-05-14,102.4,0
1994-05-15,103.0,0
1994-05-16,99.72,0
1994-05-17,98.28,0
1994-05-18,95.68,0
1994-05-19,67.58,0
1994-05-20,61.38,0
1994-05-21,69.45,0
1994-05-22,69.0,0
1994-05-23,66.93,0
1994-05-24,92.75,0
1994-05-25,100.0,0
1994-05-26,99.91,0
1994-05-27,103.0,0
1994-05-28,105.4,0
1994-05-29,106.0,0
1994-05-30,127.3,0
1994-05-31,111.0,0
1994-06-01,108.5,0
1994-06-02,111.4,0
1994-06-03,147.9,0
1994-06-04,145.1,0
1994-06-05,145.0,0
1994-06-06,144.6,0
1994-06-07,130.5,0
1994-06-08,123.1,0
1994-06-09,122.0,0
1994-06-10,182.6,0
1994-06-11,159.8,0
1994-06-12,171.0,0
1994-06-13,189.7,0
1994-06-14,188.2,0
1994-06-15,188.6,0
1994-06-16,172.6,0
1994-06-17,192.2,0
1994-06-18,300.3,0
1994-06-19,346.0,0
1994-06-20,267.3,0
1994-06-21,212.0,0
1994-06-22,180.8,0
1994-06-23,196.3,0
1994-06-24,255.3,0
1994-06-25,257.8,0
1994-06-26,189.0,0
1994-06-27,176.8,0
1994-06-28,164.2,0
1994-06-29,315.8,0
1994-06-30,166.8,0
1994-07-01,322.5,0
1994-07-02,299.3,0
1994-07-03,178.0,0
1994-07-04,174.1,0
1994-07-05,258.6,0
1994-07-06,191.7,0
1994-07-07,190.3,0
1994-07-08,184.0,0
1994-07-09,187.3,0
1994-07-10,189.0,0
1994-07-11,185.4,0
1994-07-12,169.7,0
1994-07-13,169.1,0
1994-07-14,165.9,0
1994-07-15,154.7,0
1994-07-16,153.3,0
1994-07-17,148.0,0
1994-07-18,142.0,0
1994-07-19,165.3,0
1994-07-20,169.7,0
1994-07-21,281.4,0
1994-07-22,290.7,0
1994-07-23,318.8,0
1994-07-24,278.0,0
1994-07-25,319.7,0
1994-07-26,289.6,0
1994-07-27,244.9,0
1994-07-28,241.9,0
1994-07-29,497.1,0
1994-07-30,462.9,0
1994-07-31,394.0,0
1994-08-01,301.2,0
1994-08-02,243.4,0
1994-08-03,244.8,0
1994-08-04,284.1,0
1994-08-05,259.3,0
1994-08-06,298.6,0
1994-08-07,200.0,0
1994-08-08,171.9,0
1994-08-09,300.6,0
1994-08-10,421.7,0
1994-08-11,355.6,0
1994-08-12,349.6,0
1994-08-13,352.0,0
1994-08-14,350.0,0
1994-08-15,380.0,0
1994-08-16,274.6,0
1994-08-17,272.6,0
1994-08-18,262.4,0
1994-08-19,260.9,0
1994-08-20,200.0,0
1994-08-21,266.0,0
1994-08-22,301.9,0
1994-08-23,403.8,0
1994-08-24,291.8,0
1994-08-25,357.4,0
1994-08-26,292.5,0
1994-08-27,288.3,0
1994-08-28,300.0,0
1994-08-29,310.9,0
1994-08-30,272.0,0
1994-08-31,266.2,0
1994-09-01,260.3,0
1994-09-02,199.7,0
1994-09-03,271.4,0
1994-09-04,235.0,0
1994-09-05,191.7,0
1994-09-06,184.1,0
1994-09-07,178.2,0
1994-09-08,165.8,0
1994-09-09,201.6,0
1994-09-10,251.4,0
1994-09-11,218.0,0
1994-09-12,173.2,0
1994-09-13,194.2,0
1994-09-14,275.0,0
1994-09-15,292.9,0
1994-09-16,200.0,0
1994-09-17,186.2,0
1994-09-18,216.0,0
1994-09-19,290.9,0
1994-09-20,201.1,0
1994-09-21,177.8,0
1994-09-22,167.7,0
1994-09-23,166.3,0
1994-09-24,162.8,0
1994-09-25,159.0,0
1994-09-26,158.5,0
1994-09-27,156.2,0
1994-09-28,154.8,0
1994-09-29,148.3,0
1994-09-30,139.7,0
1994-10-01,139.7,0
1994-10-02,139.0,0
1994-10-03,140.9,0
1994-10-04,163.1,0
1994-10-05,152.1,0
1994-10-06,139.9,0
1994-10-07,130.9,0
1994-10-08,130.6,0
1994-10-09,130.0,0
1994-10-10,130.4,0
1994-10-11,130.0,0
1994-10-12,129.0,0
1994-10-13,129.0,0
1994-10-14,129.0,0
1994-10-15,128.4,0
1994-10-16,127.0,0
1994-10-17,126.5,0
1994-10-18,125.1,0
1994-10-19,124.0,0
1994-10-20,127.9,0
1994-10-21,126.7,0
1994-10-22,125.8,0
1994-10-23,126.0,0
1994-10-24,126.4,0
1994-10-25,130.2,0
1994-10-26,129.9,0
1994-10-27,129.6,0
1994-10-28,130.4,0
1994-10-29,126.6,0
1994-10-30,117.0,0
1994-10-31,116.2,0
1994-11-01,96.95,0
1994-11-02,97.44,0
1994-11-03,97.0,0
1994-11-04,97.21,0
1994-11-05,96.63,0
1994-11-06,96.0,0
1994-11-07,95.79,0
1994-11-08,94.97,0
1994-11-09,94.76,0
1994-11-10,94.72,0
1994-11-11,94.01,0
1994-11-12,91.61,0
1994-11-13,91.0,0
1994-11-14,91.05,0
1994-11-15,88.71,0
1994-11-16,85.87,0
1994-11-17,80.47,0
1994-11-18,80.0,0
1994-11-19,79.66,0
1994-11-20,76.0,0
1994-11-21,73.56,0
1994-11-22,70.16,0
1994-11-23,66.73,0
1994-11-24,66.3,0
1994-11-25,65.86,0
1994-11-26,64.02,0
1994-11-27,61.0,0
1994-11-28,61.08,0
1994-11-29,60.7,0
1994-11-30,60.24,0
1994-12-01,59.47,0
1994-12-02,59.16,0
1994-12-03,57.47,0
1994-12-04,57.0,0
1994-12-05,57.38,0
1994-12-06,54.63,0
1994-12-07,53.59,0
1994-12-08,51.6,0
1994-12-09,51.3,0
1994-12-10,50.89,0
1994-12-11,51.0,0
1994-12-12,48.56,0
1994-12-13,46.44,0
1994-12-14,45.78,0
1994-12-15,45.82,0
1994-12-16,45.47,0
1994-12-17,43.47,0
1994-12-18,43.0,0
1994-12-19,42.92,0
1994-12-20,42.83,0
1994-12-21,42.44,0
1994-12-22,41.81,0
1994-12-23,41.42,0
1994-12-24,40.74,0
1994-12-25,40.0,0
1994-12-26,40.28,0
1994-12-27,40.0,0
1994-12-28,38.04,0
1994-12-29,37.45,0
1994-12-30,37.56,0
1994-12-31,37.64,0
1995-01-01,38.0,0
1995-01-02,37.56,0
1995-01-03,36.84,0
1995-01-04,37.03,0
1995-01-05,34.53,0
1995-01-06,34.29,0
1995-01-07,34.18,0
1995-01-08,34.0,0
1995-01-09,34.04,0
1995-01-10,33.82,0
1995-01-11,31.89,0
1995-01-12,32.79,0
1995-01-13,37.34,0
1995-01-14,37.32,0
1995-01-15,37.0,0
1995-01-16,33.73,0
1995-01-17,31.79,0
1995-01-18,31.29,0
1995-01-19,31.05,0
1995-01-20,30.9,0
1995-01-21,30.96,0
1995-01-22,31.0,0
1995-01-23,31.61,0
1995-01-24,31.14,0
1995-01-25,31.07,0
1995-01-26,30.0,0
1995-01-27,28.52,0
1995-01-28,28.16,0
1995-01-29,28.0,0
1995-01-30,27.02,0
1995-01-31,26.91,0
1995-02-01,26.71,0
1995-02-02,26.5,0
1995-02-03,25.09,0
1995-02-04,25.0,0
1995-02-05,25.0,0
1995-02-06,28.81,0
1995-02-07,28.73,0
1995-02-08,25.29,0
1995-02-09,25.08,0
1995-02-10,24.16,0
1995-02-11,22.36,0
1995-02-12,22.0,0
1995-02-13,21.61,0
1995-02-14,21.56,0
1995-02-15,29.91,0
1995-02-16,70.2,1
1995-02-17,43.58,0
1995-02-18,46.81,0
1995-02-19,36.0,0
1995-02-20,30.83,0
1995-02-21,38.49,0
1995-02-22,30.54,0
1995-02-23,30.16,0
1995-02-24,29.91,0
1995-02-25,29.19,0
1995-02-26,29.0,0
1995-02-27,27.84,0
1995-02-28,29.03,0
1995-03-01,29.0,0
1995-03-02,28.9,0
1995-03-03,29.0,0
1995-03-04,28.35,0
1995-03-05,28.0,0
1995-03-06,29.22,0
1995-03-07,29.48,0
1995-03-08,29.3,0
1995-03-09,29.07,0
1995-03-10,28.36,0
1995-03-11,28.19,0
1995-03-12,28.0,0
1995-03-13,28.16,0
1995-03-14,26.63,0
1995-03-15,26.46,0
1995-03-16,26.2,0
1995-03-17,26.0,0
1995-03-18,25.83,0
1995-03-19,26.0,0
1995-03-20,25.86,0
1995-03-21,25.73,0
1995-03-22,22.73,0
1995-03-23,22.79,0
1995-03-24,45.89,1
1995-03-25,72.88,0
1995-03-26,82.0,0
1995-03-27,86.64,0
1995-03-28,82.51,0
1995-03-29,63.32,0
1995-03-30,61.37,0
1995-03-31,65.5,0
1995-04-01,53.96,0
1995-04-02,50.0,0
1995-04-03,42.54,0
1995-04-04,37.59,0
1995-04-05,36.66,0
1995-04-06,32.85,0
1995-04-07,31.62,0
1995-04-08,30.8,0
1995-04-09,31.0,0
1995-04-10,33.16,0
1995-04-11,33.0,0
1995-04-12,44.0,0
1995-04-13,52.0,0
1995-04-14,44.0,0
1995-04-15,40.72,0
1995-04-16,38.0,0
1995-04-17,44.3,0
1995-04-18,44.32,0
1995-04-19,46.35,0
1995-04-20,64.51,0
1995-04-21,82.57,0
1995-04-22,62.87,0
1995-04-23,56.0,0
1995-04-24,53.66,0
1995-04-25,81.86,0
1995-04-26,62.99,0
1995-04-27,87.65,0
1995-04-28,97.06,0
1995-04-29,106.2,0
1995-04-30,116.0,0
1995-05-01,123.2,0
1995-05-02,110.6,0
1995-05-03,116.1,0
1995-05-04,120.1,0
1995-05-05,89.91,0
1995-05-06,96.49,0
1995-05-07,87.0,0
1995-05-08,93.39,0
1995-05-09,87.15,0
1995-05-10,92.97,0
1995-05-11,106.0,0
1995-05-12,109.8,0
1995-05-13,108.7,0
1995-05-14,114.0,0
1995-05-15,116.3,0
1995-05-16,138.2,0
1995-05-17,120.4,0
1995-05-18,746.3,0
1995-05-19,346.9,0
1995-05-20,401.1,0
1995-05-21,297.0,0
1995-05-22,273.6,0
1995-05-23,255.3,0
1995-05-24,177.3,0
1995-05-25,163.8,0
1995-05-26,158.7,0
1995-05-27,134.9,0
1995-05-28,115.0,0
1995-05-29,136.2,0
1995-05-30,157.0,0
1995-05-31,188.1,0
1995-06-01,147.1,0
1995-06-02,132.0,0
1995-06-03,116.1,0
1995-06-04,110.0,0
1995-06-05,116.9,0
1995-06-06,204.7,0
1995-06-07,180.3,0
1995-06-08,192.1,0
1995-06-09,203.5,0
1995-06-10,193.0,0
1995-06-11,204.0,0
1995-06-12,271.4,0
1995-06-13,219.1,0
1995-06-14,452.4,0
1995-06-15,515.0,0
1995-06-16,406.3,0
1995-06-17,332.2,0
1995-06-18,386.0,0
1995-06-19,490.6,0
1995-06-20,814.9,0
1995-06-21,414.9,0
1995-06-22,368.6,0
1995-06-23,433.1,0
1995-06-24,487.6,0
1995-06-25,462.0,0
1995-06-26,408.7,0
1995-06-27,342.8,0
1995-06-28,352.7,0
1995-06-29,346.4,0
1995-06-30,526.0,0
1995-07-01,412.8,0
1995-07-02,532.0,0
1995-07-03,369.8,0
1995-07-04,416.6,0
1995-07-05,423.6,0
1995-07-06,791.4,0
1995-07-07,718.3,0
1995-07-08,652.6,0
1995-07-09,583.0,0
1995-07-10,434.9,0
1995-07-11,371.3,0
1995-07-12,420.9,0
1995-07-13,418.3,0
1995-07-14,407.6,0
1995-07-15,399.1,0
1995-07-16,414.0,0
1995-07-17,417.2,0
1995-07-18,410.3,0
1995-07-19,422.2,0
1995-07-20,418.8,0
1995-07-21,423.8,0
1995-07-22,412.7,0
1995-07-23,396.0,0
1995-07-24,381.1,0
1995-07-25,366.6,0
1995-07-26,348.1,0
1995-07-27,333.8,0
1995-07-28,333.3,0
1995-07-29,320.2,0
1995-07-30,305.0,0
1995-07-31,363.9,0
1995-08-01,340.6,0
1995-08-02,411.0,0
1995-08-03,331.8,0
1995-08-04,323.8,0
1995-08-05,335.2,0
1995-08-06,320.0,0
1995-08-07,370.6,0
1995-08-08,341.1,0
1995-08-09,361.4,0
1995-08-10,363.0,0
1995-08-11,334.0,0
1995-08-12,320.5,0
1995-08-13,311.0,0
1995-08-14,419.3,0
1995-08-15,633.0,0
1995-08-16,524.7,0
1995-08-17,433.7,0
1995-08-18,406.0,0
1995-08-19,405.3,0
1995-08-20,365.0,0
1995-08-21,397.0,0
1995-08-22,360.1,0
1995-08-23,358.3,0
1995-08-24,334.2,0
1995-08-25,326.1,0
1995-08-26,400.0,0
1995-08-27,367.0,0
1995-08-28,390.4,0
1995-08-29,367.1,0
1995-08-30,331.9,0
1995-08-31,334.4,0
1995-09-01,324.0,0
1995-09-02,316.8,0
1995-09-03,261.0,0
1995-09-04,320.3,0
1995-09-05,321.8,0
1995-09-06,398.2,0
1995-09-07,357.2,0
1995-09-08,323.9,0
1995-09-09,314.4,0
1995-09-10,314.0,0
1995-09-11,381.8,0
1995-09-12,287.5,0
1995-09-13,269.2,0
1995-09-14,239.1,0
1995-09-15,228.3,0
1995-09-16,237.3,0
1995-09-17,258.0,0
1995-09-18,270.0,0
1995-09-19,281.7,0
1995-09-20,283.0,0
1995-09-21,317.9,0
1995-09-22,371.8,0
1995-09-23,459.8,0
1995-09-24,337.0,0
1995-09-25,325.9,0
1995-09-26,404.5,0
1995-09-27,326.9,0
1995-09-28,430.0,0
1995-09-29,686.6,0
1995-09-30,621.1,0
1995-10-01,480.0,0
1995-10-02,400.0,0
1995-10-03,422.0,0
1995-10-04,384.0,0
1995-10-05,356.5,0
1995-10-06,316.6,0
1995-10-07,290.6,0
1995-10-08,274.0,0
1995-10-09,262.0,0
1995-10-10,237.6,0
1995-10-11,224.3,0
1995-10-12,246.8,0
1995-10-13,252.8,0
1995-10-14,221.2,0
1995-10-15,203.0,0
1995-10-16,178.9,0
1995-10-17,171.7,0
1995-10-18,173.3,0
1995-10-19,170.6,0
1995-10-20,161.4,0
1995-10-21,154.2,0
1995-10-22,142.0,0
1995-10-23,130.0,0
1995-10-24,126.0,0
1995-10-25,117.3,0
1995-10-26,110.9,0
1995-10-27,105.3,0
1995-10-28,102.3,0
1995-10-29,99.0,0
1995-10-30,89.12,0
1995-10-31,86.7,0
1995-11-01,85.63,0
1995-11-02,85.82,0
1995-11-03,84.9,0
1995-11-04,83.75,0
1995-11-05,84.0,0
1995-11-06,83.7,0
1995-11-07,81.0,0
1995-11-08,81.05,0
1995-11-09,78.8,0
1995-11-10,85.77,0
1995-11-11,495.0,0
1995-11-12,337.0,0
1995-11-13,224.1,0
1995-11-14,223.2,0
1995-11-15,182.2,0
1995-11-16,176.9,0
1995-11-17,154.5,0
1995-11-18,148.2,0
1995-11-19,143.0,0
1995-11-20,140.7,0
1995-11-21,131.1,0
1995-11-22,130.5,0
1995-11-23,117.7,0
1995-11-24,117.2,0
1995-11-25,114.0,0
1995-11-26,114.0,0
1995-11-27,113.3,0
1995-11-28,109.0,0
1995-11-29,103.6,0
1995-11-30,100.1,0
1995-12-01,95.54,0
1995-12-02,93.27,0
1995-12-03,93.0,0
1995-12-04,87.55,0
1995-12-05,83.86,0
1995-12-06,83.05,0
1995-12-07,81.32,0
1995-12-08,81.23,0
1995-12-09,79.27,0
1995-12-10,79.0,0
1995-12-11,77.76,0
1995-12-12,77.11,0
1995-12-13,75.94,0
1995-12-14,75.15,0
1995-12-15,74.74,0
1995-12-16,73.7,0
1995-12-17,73.0,0
1995-12-18,72.09,0
1995-12-19,71.36,0
1995-12-20,70.39,0
1995-12-21,71.57,0
1995-12-22,70.43,0
1995-12-23,69.86,0
1995-12-24,69.0,0
1995-12-25,67.0,0
1995-12-26,67.76,0
1995-12-27,67.48,0
1995-12-28,66.91,0
1995-12-29,66.87,0
1995-12-30,64.21,0
1995-12-31,64.0,0
1996-01-01,63.91,0
1996-01-02,64.02,0
1996-01-03,62.33,0
1996-01-04,61.6,0
1996-01-05,61.22,0
1996-01-06,58.58,0
1996-01-07,58.0,0
1996-01-08,57.8,0
1996-01-09,57.68,0
1996-01-10,56.63,0
1996-01-11,56.53,0
1996-01-12,56.36,0
1996-01-13,56.15,0
1996-01-14,56.0,0
1996-01-15,55.7,0
1996-01-16,56.89,0
1996-01-17,58.9,0
1996-01-18,58.04,0
1996-01-19,57.29,0
1996-01-20,56.5,0
1996-01-21,55.0,0
1996-01-22,55.88,0
1996-01-23,55.74,0
1996-01-24,55.64,0
1996-01-25,56.0,0
1996-01-26,55.0,0
1996-01-27,54.73,0
1996-01-28,54.0,0
1996-01-29,52.91,0
1996-01-30,51.91,0
1996-01-31,49.73,0
1996-02-01,49.54,0
1996-02-02,48.84,0
1996-02-03,45.48,0
1996-02-04,45.0,0
1996-02-05,46.46,0
1996-02-06,45.13,0
1996-02-07,44.58,0
1996-02-08,43.4,0
1996-02-09,42.63,0
1996-02-10,42.63,0
1996-02-11,40.0,0
1996-02-12,39.91,0
1996-02-13,39.53,0
1996-02-14,37.94,0
1996-02-15,37.29,0
1996-02-16,37.06,0
1996-02-17,36.27,0
1996-02-18,36.0,0
1996-02-19,33.95,0
1996-02-20,33.61,0
1996-02-21,44.0,0
1996-02-22,36.65,0
1996-02-23,36.26,0
1996-02-24,36.36,0
1996-02-25,36.0,0
1996-02-26,35.8,0
1996-02-27,42.78,0
1996-02-28,45.6,0
1996-02-29,40.64,0
1996-03-01,38.1,0
1996-03-02,37.58,0
1996-03-03,36.0,0
1996-03-04,33.47,0
1996-03-05,33.0,0
1996-03-06,33.25,0
1996-03-07,32.91,0
1996-03-08,37.75,0
1996-03-09,42.92,0
1996-03-10,40.0,0
1996-03-11,38.23,0
1996-03-12,38.76,0
1996-03-13,55.03,0
1996-03-14,58.02,0
1996-03-15,63.86,0
1996-03-16,61.07,0
1996-03-17,63.0,0
1996-03-18,77.03,0
1996-03-19,74.42,0
1996-03-20,73.91,0
1996-03-21,69.82,0
1996-03-22,60.14,0
1996-03-23,57.39,0
1996-03-24,56.0,0
1996-03-25,54.69,0
1996-03-26,52.71,0
1996-03-27,55.37,0
1996-03-28,51.57,0
1996-03-29,49.85,0
1996-03-30,51.3,0
1996-03-31,51.0,0
1996-04-01,52.0,0
1996-04-02,52.45,0
1996-04-03,51.33,0
1996-04-04,50.77,0
1996-04-05,50.0,0
1996-04-06,48.9,0
1996-04-07,49.0,0
1996-04-08,74.98,0
1996-04-09,74.08,0
1996-04-10,73.04,0
1996-04-11,61.89,0
1996-04-12,60.04,0
1996-04-13,59.19,0
1996-04-14,58.0,0
1996-04-15,60.49,0
1996-04-16,71.8,0
1996-04-17,77.15,0
1996-04-18,79.27,0
1996-04-19,84.81,0
1996-04-20,85.83,0
1996-04-21,98.0,0
1996-04-22,98.42,0
1996-04-23,89.23,0
1996-04-24,91.35,0
1996-04-25,86.94,0
1996-04-26,84.38,0
1996-04-27,83.49,0
1996-04-28,82.0,0
1996-04-29,80.0,0
1996-04-30,81.52,0
1996-05-01,87.64,0
1996-05-02,99.67,0
1996-05-03,103.0,0
1996-05-04,99.5,0
1996-05-05,149.0,0
1996-05-06,320.2,0
1996-05-07,276.1,0
1996-05-08,275.6,0
1996-05-09,303.5,0
1996-05-10,271.9,0
1996-05-11,250.8,0
1996-05-12,250.0,0
1996-05-13,255.7,0
1996-05-14,267.2,0
1996-05-15,346.5,0
1996-05-16,407.3,0
1996-05-17,322.9,0
1996-05-18,313.8,0
1996-05-19,294.0,0
1996-05-20,223.6,0
1996-05-21,203.0,0
1996-05-22,173.6,0
1996-05-23,165.5,0
1996-05-24,162.8,0
1996-05-25,160.4,0
1996-05-26,168.0,0
1996-05-27,157.7,0
1996-05-28,175.5,0
1996-05-29,211.0,0
1996-05-30,172.6,0
1996-05-31,161.8,0
1996-06-01,286.9,0
1996-06-02,232.0,0
1996-06-03,241.1,0
1996-06-04,285.3,0
1996-06-05,238.3,0
1996-06-06,245.3,0
1996-06-07,202.5,0
1996-06-08,177.3,0
1996-06-09,167.0,0
1996-06-10,161.2,0
1996-06-11,170.7,0
1996-06-12,170.0,0
1996-06-13,158.9,0
1996-06-14,160.2,0
1996-06-15,164.6,0
1996-06-16,182.0,0
1996-06-17,174.0,0
1996-06-18,174.1,0
1996-06-19,170.6,0
1996-06-20,161.4,0
1996-06-21,239.1,0
1996-06-22,166.7,0
1996-06-23,228.0,0
1996-06-24,286.2,0
1996-06-25,291.9,0
1996-06-26,307.9,0
1996-06-27,317.8,0
1996-06-28,383.2,0
1996-06-29,372.9,0
1996-06-30,465.6,0
1996-07-01,442.0,0
1996-07-02,414.4,0
1996-07-03,1664.0,0
1996-07-04,1639.0,0
1996-07-05,901.8,0
1996-07-06,824.4,0
1996-07-07,676.0,0
1996-07-08,489.7,0
1996-07-09,423.1,0
1996-07-10,390.5,0
1996-07-11,419.7,0
1996-07-12,492.1,0
1996-07-13,539.7,0
1996-07-14,1626.0,0
1996-07-15,1571.0,0
1996-07-16,1257.0,0
1996-07-17,1422.0,0
1996-07-18,1217.0,0
1996-07-19,1122.0,0
1996-07-20,1232.0,0
1996-07-21,1052.0,0
1996-07-22,949.4,0
1996-07-23,840.6,0
1996-07-24,662.2,0
1996-07-25,427.8,0
1996-07-26,385.2,0
1996-07-27,400.2,0
1996-07-28,391.0,0
1996-07-29,395.0,0
1996-07-30,408.9,0
1996-07-31,421.9,0
1996-08-01,416.5,0
1996-08-02,410.3,0
1996-08-03,407.9,0
1996-08-04,401.0,0
1996-08-05,388.5,0
1996-08-06,406.6,0
1996-08-07,391.8,0
1996-08-08,409.1,0
1996-08-09,634.1,0
1996-08-10,425.1,0
1996-08-11,418.0,0
1996-08-12,426.7,0
1996-08-13,401.4,0
1996-08-14,423.5,0
1996-08-15,419.0,0
1996-08-16,424.1,0
1996-08-17,435.8,0
1996-08-18,571.0,0
1996-08-19,464.2,0
1996-08-20,555.8,0
1996-08-21,404.9,0
1996-08-22,408.8,0
1996-08-23,392.4,0
1996-08-24,390.4,0
1996-08-25,380.0,0
1996-08-26,372.0,0
1996-08-27,376.6,0
1996-08-28,383.7,0
1996-08-29,379.9,0
1996-08-30,387.8,0
1996-08-31,394.1,0
1996-09-01,402.0,0
1996-09-02,414.7,0
1996-09-03,398.8,0
1996-09-04,390.2,0
1996-09-05,406.5,0
1996-09-06,393.3,0
1996-09-07,387.6,0
1996-09-08,383.0,0
1996-09-09,373.0,0
1996-09-10,369.5,0
1996-09-11,353.0,0
1996-09-12,337.3,0
1996-09-13,333.4,0
1996-09-14,338.2,0
1996-09-15,337.0,0
1996-09-16,337.1,0
1996-09-17,332.5,0
1996-09-18,325.9,0
1996-09-19,320.9,0
1996-09-20,308.1,0
1996-09-21,276.3,0
1996-09-22,270.0,0
1996-09-23,266.7,0
1996-09-24,254.1,0
1996-09-25,237.8,0
1996-09-26,240.0,0
1996-09-27,250.3,0
1996-09-28,270.9,0
1996-09-29,305.0,0
1996-09-30,274.9,0
1996-10-01,265.3,0
1996-10-02,292.0,0
1996-10-03,359.9,0
1996-10-04,312.9,0
1996-10-05,274.9,0
1996-10-06,279.0,0
1996-10-07,272.0,0
1996-10-08,265.7,0
1996-10-09,272.4,0
1996-10-10,258.7,0
1996-10-11,262.6,0
1996-10-12,260.1,0
1996-10-13,258.0,0
1996-10-14,254.3,0
1996-10-15,248.4,0
1996-10-16,233.7,0
1996-10-17,231.1,0
1996-10-18,220.8,0
1996-10-19,210.0,0
1996-10-20,188.0,0
1996-10-21,188.0,0
1996-10-22,177.1,0
1996-10-23,174.0,0
1996-10-24,157.7,0
1996-10-25,151.6,0
1996-10-26,150.9,0
1996-10-27,151.0,0
1996-10-28,175.8,0
1996-10-29,152.9,0
1996-10-30,153.2,0
1996-10-31,152.3,0
1996-11-01,148.6,0
1996-11-02,144.1,0
1996-11-03,142.0,0
1996-11-04,138.4,0
1996-11-05,131.0,0
1996-11-06,129.1,0
1996-11-07,127.9,0
1996-11-08,126.9,0
1996-11-09,125.5,0
1996-11-10,125.0,0
1996-11-11,117.3,0
1996-11-12,116.7,0
1996-11-13,115.3,0
1996-11-14,114.3,0
1996-11-15,108.5,0
1996-11-16,102.9,0
1996-11-17,100.0,0
1996-11-18,95.13,0
1996-11-19,90.4,0
1996-11-20,90.8,0
1996-11-21,89.49,0
1996-11-22,90.46,0
1996-11-23,88.45,0
1996-11-24,86.0,0
1996-11-25,85.0,0
1996-11-26,84.78,0
1996-11-27,87.4,0
1996-11-28,89.87,0
1996-11-29,91.05,0
1996-11-30,90.93,0
1996-12-01,90.0,0
1996-12-02,88.17,0
1996-12-03,88.38,0
1996-12-04,87.51,0
1996-12-05,84.9,0
1996-12-06,84.0,0
1996-12-07,83.0,0
1996-12-08,83.0,0
1996-12-09,82.76,0
1996-12-10,81.28,0
1996-12-11,80.39,0
1996-12-12,79.84,0
1996-12-13,77.53,0
1996-12-14,80.1,0
1996-12-15,75.0,0
1996-12-16,70.8,0
1996-12-17,68.92,0
1996-12-18,67.36,0
1996-12-19,67.43,0
1996-12-20,66.68,0
1996-12-21,65.37,0
1996-12-22,65.0,0
1996-12-23,64.24,0
1996-12-24,61.44,0
1996-12-25,61.0,0
1996-12-26,60.98,0
1996-12-27,58.36,0
1996-12-28,57.42,0
1996-12-29,56.0,0
1996-12-30,56.68,0
1996-12-31,56.46,0
1997-01-01,55.93,0
1997-01-02,55.07,0
1997-01-03,54.5,0
1997-01-04,54.69,0
1997-01-05,53.0,0
1997-01-06,52.21,0
1997-01-07,51.04,0
1997-01-08,50.25,0
1997-01-09,49.02,0
1997-01-10,48.81,0
1997-01-11,48.81,0
1997-01-12,48.0,0
1997-01-13,48.35,0
1997-01-14,46.13,0
1997-01-15,46.51,0
1997-01-16,44.93,0
1997-01-17,44.08,0
1997-01-18,42.91,0
1997-01-19,42.0,0
1997-01-20,42.66,0
1997-01-21,42.76,0
1997-01-22,42.88,0
1997-01-23,41.0,0
1997-01-24,40.97,0
1997-01-25,39.87,0
1997-01-26,39.0,0
1997-01-27,39.01,0
1997-01-28,38.37,0
1997-01-29,38.3,0
1997-01-30,37.26,0
1997-01-31,37.02,0
1997-02-01,36.65,0
1997-02-02,37.0,0
1997-02-03,37.98,0
1997-02-04,37.56,0
1997-02-05,38.1,0
1997-02-06,41.47,0
1997-02-07,41.03,0
1997-02-08,40.38,0
1997-02-09,44.0,0
1997-02-10,48.25,0
1997-02-11,48.18,0
1997-02-12,48.0,0
1997-02-13,48.68,0
1997-02-14,48.42,0
1997-02-15,47.08,0
1997-02-16,47.0,0
1997-02-17,47.93,0
1997-02-18,45.79,0
1997-02-19,46.58,0
1997-02-20,45.61,0
1997-02-21,44.08,0
1997-02-22,42.96,0
1997-02-23,42.0,0
1997-02-24,41.9,0
1997-02-25,40.56,0
1997-02-26,40.46,0
1997-02-27,39.88,0
1997-02-28,42.26,0
1997-03-01,46.24,0
1997-03-02,46.0,0
1997-03-03,40.09,0
1997-03-04,43.46,0
1997-03-05,45.0,0
1997-03-06,44.31,0
1997-03-07,43.84,0
1997-03-08,43.47,0
1997-03-09,43.0,0
1997-03-10,44.68,0
1997-03-11,48.59,0
1997-03-12,40.85,0
1997-03-13,40.24,0
1997-03-14,40.5,0
1997-03-15,39.31,0
1997-03-16,39.0,0
1997-03-17,40.93,0
1997-03-18,41.26,0
1997-03-19,41.39,0
1997-03-20,49.57,0
1997-03-21,49.15,0
1997-03-22,44.22,0
1997-03-23,44.0,0
1997-03-24,41.0,0
1997-03-25,38.88,0
1997-03-26,37.19,0
1997-03-27,36.02,0
1997-03-28,38.0,0
1997-03-29,40.52,0
1997-03-30,51.0,0
1997-03-31,63.02,0
1997-04-01,48.64,0
1997-04-02,50.81,0
1997-04-03,71.49,0
1997-04-04,65.3,0
1997-04-05,55.5,0
1997-04-06,53.0,0
1997-04-07,51.08,0
1997-04-08,50.58,0
1997-04-09,49.19,0
1997-04-10,49.1,0
1997-04-11,52.22,0
1997-04-12,50.19,0
1997-04-13,50.0,0
1997-04-14,45.0,0
1997-04-15,49.51,0
1997-04-16,48.09,0
1997-04-17,49.4,0
1997-04-18,68.0,0
1997-04-19,86.64,0
1997-04-20,75.0,0
1997-04-21,64.48,0
1997-04-22,55.16,0
1997-04-23,55.28,0
1997-04-24,53.61,0
1997-04-25,53.68,0
1997-04-26,54.36,0
1997-04-27,59.0,0
1997-04-28,63.56,0
1997-04-29,63.23,0
1997-04-30,90.49,0
1997-05-01,73.28,0
1997-05-02,69.57,0
1997-05-03,74.51,0
1997-05-04,80.0,0
1997-05-05,109.7,0
1997-05-06,130.0,0
1997-05-07,105.9,0
1997-05-08,111.9,0
1997-05-09,73.43,0
1997-05-10,122.3,0
1997-05-11,119.0,0
1997-05-12,103.0,0
1997-05-13,108.1,0
1997-05-14,132.7,0
1997-05-15,124.9,0
1997-05-16,127.3,0
1997-05-17,201.7,0
1997-05-18,148.0,0
1997-05-19,128.2,0
1997-05-20,121.6,0
1997-05-21,118.9,0
1997-05-22,119.0,0
1997-05-23,153.3,0
1997-05-24,166.6,0
1997-05-25,144.0,0
1997-05-26,123.3,0
1997-05-27,111.3,0
1997-05-28,163.9,0
1997-05-29,131.2,0
1997-05-30,158.6,0
1997-05-31,126.1,0
1997-06-01,168.0,0
1997-06-02,209.3,0
1997-06-03,157.9,0
1997-06-04,160.2,0
1997-06-05,157.8,0
1997-06-06,169.7,0
1997-06-07,221.2,0
1997-06-08,330.0,0
1997-06-09,352.8,0
1997-06-10,406.2,0
1997-06-11,400.1,0
1997-06-12,378.9,0
1997-06-13,433.5,0
1997-06-14,371.1,0
1997-06-15,354.0,0
1997-06-16,386.3,0
1997-06-17,373.9,0
1997-06-18,464.9,0
1997-06-19,369.9,0
1997-06-20,355.6,0
1997-06-21,322.5,0
1997-06-22,310.0,0
1997-06-23,246.6,0
1997-06-24,216.2,0
1997-06-25,206.6,0
1997-06-26,200.4,0
1997-06-27,275.1,0
1997-06-28,236.6,0
1997-06-29,277.0,0
1997-06-30,525.2,0
1997-07-01,692.8,0
1997-07-02,877.5,0
1997-07-03,598.2,0
1997-07-04,592.3,0
1997-07-05,553.4,0
1997-07-06,522.0,0
1997-07-07,513.2,0
1997-07-08,463.8,0
1997-07-09,512.6,0
1997-07-10,481.2,0
1997-07-11,463.7,0
1997-07-12,464.9,0
1997-07-13,444.0,0
1997-07-14,408.3,0
1997-07-15,374.2,0
1997-07-16,357.7,0
1997-07-17,430.3,0
1997-07-18,366.0,0
1997-07-19,341.3,0
1997-07-20,358.0,0
1997-07-21,302.6,0
1997-07-22,278.5,0
1997-07-23,249.9,0
1997-07-24,242.4,0
1997-07-25,228.9,0
1997-07-26,229.8,0
1997-07-27,224.0,0
1997-07-28,225.8,0
1997-07-29,274.2,0
1997-07-30,246.0,0
1997-07-31,224.5,0
1997-08-01,275.3,0
1997-08-02,270.1,0
1997-08-03,213.0,0
1997-08-04,232.3,0
1997-08-05,240.8,0
1997-08-06,239.1,0
1997-08-07,251.2,0
1997-08-08,238.8,0
1997-08-09,222.0,0
1997-08-10,419.0,0
1997-08-11,401.8,0
1997-08-12,367.9,0
1997-08-13,679.0,0
1997-08-14,542.2,0
1997-08-15,426.0,0
1997-08-16,472.6,0
1997-08-17,550.0,0
1997-08-18,534.7,0
1997-08-19,509.5,0
1997-08-20,460.3,0
1997-08-21,410.7,0
1997-08-22,367.9,0
1997-08-23,362.9,0
1997-08-24,355.0,0
1997-08-25,330.3,0
1997-08-26,333.9,0
1997-08-27,265.3,0
1997-08-28,259.2,0
1997-08-29,253.7,0
1997-08-30,247.4,0
1997-08-31,250.0,0
1997-09-01,273.8,0
1997-09-02,278.7,0
1997-09-03,280.0,0
1997-09-04,277.8,0
1997-09-05,272.8,0
1997-09-06,278.5,0
1997-09-07,267.0,0
1997-09-08,252.4,0
1997-09-09,351.1,0
1997-09-10,278.8,0
1997-09-11,255.5,0
1997-09-12,278.3,0
1997-09-13,349.5,0
1997-09-14,363.0,0
1997-09-15,338.3,0
1997-09-16,347.9,0
1997-09-17,364.7,0
1997-09-18,368.6,0
1997-09-19,383.5,0
1997-09-20,362.6,0
1997-09-21,356.0,0
1997-09-22,357.0,0
1997-09-23,356.4,0
1997-09-24,360.1,0
1997-09-25,288.9,0
1997-09-26,288.8,0
1997-09-27,261.7,0
1997-09-28,322.0,0
1997-09-29,287.1,0
1997-09-30,281.6,0
1997-10-01,264.6,0
1997-10-02,240.0,0
1997-10-03,221.7,0
1997-10-04,208.5,0
1997-10-05,207.0,0
1997-10-06,205.6,0
1997-10-07,205.3,0
1997-10-08,202.4,0
1997-10-09,198.0,0
1997-10-10,195.0,0
1997-10-11,185.9,0
1997-10-12,185.0,0
1997-10-13,184.8,0
1997-10-14,184.1,0
1997-10-15,182.4,0
1997-10-16,179.6,0
1997-10-17,176.0,0
1997-10-18,174.4,0
1997-10-19,172.0,0
1997-10-20,170.6,0
1997-10-21,169.2,0
1997-10-22,166.9,0
1997-10-23,168.5,0
1997-10-24,155.7,0
1997-10-25,153.8,0
1997-10-26,150.0,0
1997-10-27,146.8,0
1997-10-28,146.5,0
1997-10-29,146.5,0
1997-10-30,144.0,0
1997-10-31,141.7,0
1997-11-01,137.9,0
1997-11-02,137.0,0
1997-11-03,135.9,0
1997-11-04,135.1,0
1997-11-05,132.6,0
1997-11-06,131.2,0
1997-11-07,122.7,0
1997-11-08,122.1,0
1997-11-09,122.0,0
1997-11-10,121.7,0
1997-11-11,120.2,0
1997-11-12,123.8,0
1997-11-13,121.3,0
1997-11-14,121.0,0
1997-11-15,120.0,0
1997-11-16,120.0,0
1997-11-17,118.9,0
1997-11-18,110.2,0
1997-11-19,96.99,0
1997-11-20,108.4,0
1997-11-21,109.1,0
1997-11-22,108.8,0
1997-11-23,107.7,0
1997-11-24,107.0,0
1997-11-25,106.5,0
1997-11-26,103.7,0
1997-11-27,104.6,0
1997-11-28,102.3,0
1997-11-29,101.6,0
1997-11-30,100.6,0
1997-12-01,99.63,0
1997-12-02,99.06,0
1997-12-03,90.97,0
1997-12-04,90.86,0
1997-12-05,89.81,0
1997-12-06,90.33,0
1997-12-07,90.0,0
1997-12-08,89.12,0
1997-12-09,89.18,0
1997-12-10,89.87,0
1997-12-11,97.86,0
1997-12-12,93.89,0
1997-12-13,92.99,0
1997-12-14,91.0,0
1997-12-15,96.5,0
1997-12-16,91.9,0
1997-12-17,91.47,0
1997-12-18,80.79,0
1997-12-19,80.31,0
1997-12-20,79.91,0
1997-12-21,80.0,0
1997-12-22,78.35,0
1997-12-23,69.13,0
1997-12-24,68.33,0
1997-12-25,68.0,0
1997-12-26,67.82,0
1997-12-27,66.68,0
1997-12-28,65.0,0
1997-12-29,64.95,0
1997-12-30,63.97,0
1997-12-31,63.63,0
1998-01-01,61.85,0
1998-01-02,55.25,0
1998-01-03,54.98,0
1998-01-04,54.0,0
1998-01-05,54.31,0
1998-01-06,54.18,0
1998-01-07,54.05,0
1998-01-08,53.7,0
1998-01-09,53.32,0
1998-01-10,52.94,0
1998-01-11,52.9,0
1998-01-12,52.9,0
1998-01-13,52.85,0
1998-01-14,53.19,0
1998-01-15,52.34,0
1998-01-16,51.65,0
1998-01-17,51.26,0
1998-01-18,51.0,0
1998-01-19,50.73,0
1998-01-20,45.79,0
1998-01-21,45.46,0
1998-01-22,44.83,0
1998-01-23,44.61,0
1998-01-24,44.78,0
1998-01-25,44.0,0
1998-01-26,44.0,0
1998-01-27,44.23,0
1998-01-28,43.11,0
1998-01-29,42.9,0
1998-01-30,43.0,0
1998-01-31,43.29,0
1998-02-01,42.0,0
1998-02-02,42.63,0
1998-02-03,43.52,0
1998-02-04,42.73,0
1998-02-05,42.63,0
1998-02-06,42.2,0
1998-02-07,41.88,0
1998-02-08,41.0,0
1998-02-09,41.15,0
1998-02-10,41.0,0
1998-02-11,40.88,0
1998-02-12,40.43,0
1998-02-13,40.25,0
1998-02-14,40.27,0
1998-02-15,40.0,0
1998-02-16,39.89,0
1998-02-17,42.21,0
1998-02-18,41.85,0
1998-02-19,41.99,0
1998-02-20,42.6,0
1998-02-21,42.3,0
1998-02-22,41.0,0
1998-02-23,41.47,0
1998-02-24,41.39,0
1998-02-25,41.22,0
1998-02-26,41.16,0
1998-02-27,39.1,0
1998-02-28,37.62,0
1998-03-01,37.0,0
1998-03-02,37.02,0
1998-03-03,36.69,0
1998-03-04,36.39,0
1998-03-05,36.18,0
1998-03-06,36.39,0
1998-03-07,36.38,0
1998-03-08,36.0,0
1998-03-09,35.0,0
1998-03-10,41.86,0
1998-03-11,42.61,0
1998-03-12,40.79,0
1998-03-13,42.73,0
1998-03-14,41.24,0
1998-03-15,41.0,0
1998-03-16,40.48,0
1998-03-17,38.7,0
1998-03-18,37.75,0
1998-03-19,37.47,0
1998-03-20,40.06,0
1998-03-21,40.43,0
1998-03-22,75.0,0
1998-03-23,109.1,0
1998-03-24,108.3,0
1998-03-25,111.7,0
1998-03-26,104.2,0
1998-03-27,84.05,0
1998-03-28,78.26,0
1998-03-29,77.0,0
1998-03-30,76.99,0
1998-03-31,107.6,0
1998-04-01,103.7,0
1998-04-02,102.7,0
1998-04-03,93.8,0
1998-04-04,85.94,0
1998-04-05,86.0,0
1998-04-06,91.55,0
1998-04-07,95.07,0
1998-04-08,93.0,0
1998-04-09,104.0,0
1998-04-10,115.0,0
1998-04-11,105.2,0
1998-04-12,102.0,0
1998-04-13,111.1,0
1998-04-14,107.0,0
1998-04-15,103.7,0
1998-04-16,103.2,0
1998-04-17,111.7,0
1998-04-18,106.0,0
1998-04-19,102.0,0
1998-04-20,112.3,0
1998-04-21,108.4,0
1998-04-22,109.4,0
1998-04-23,109.8,0
1998-04-24,108.8,0
1998-04-25,107.2,0
1998-04-26,105.0,0
1998-04-27,107.1,0
1998-04-28,113.7,0
1998-04-29,176.5,0
1998-04-30,251.2,0
1998-05-01,182.2,0
1998-05-02,142.9,0
1998-05-03,143.0,0
1998-05-04,135.7,0
1998-05-05,118.4,0
1998-05-06,118.3,0
1998-05-07,116.0,0
1998-05-08,145.9,0
1998-05-09,187.9,0
1998-05-10,156.0,0
1998-05-11,146.0,0
1998-05-12,153.0,0
1998-05-13,116.2,0
1998-05-14,112.04,0
1998-05-15,105.0,0
1998-05-16,110.2,0
1998-05-17,105.0,0
1998-05-18,104.4,0
1998-05-19,102.75,0
1998-05-20,106.6,0
1998-05-21,148.1,0
1998-05-22,154.2,0
1998-05-23,147.59,0
1998-05-24,150.0,0
1998-05-25,153.7,0
1998-05-26,223.4,0
1998-05-27,156.61,0
1998-05-28,146.88,0
1998-05-29,144.27,0
1998-05-30,152.6,0
1998-05-31,179.0,0
1998-06-01,205.6,0
1998-06-02,180.3,0
1998-06-03,220.2,0
1998-06-04,243.6,0
1998-06-05,240.9,0
1998-06-06,244.5,0
1998-06-07,340.0,0
1998-06-08,520.9,0
1998-06-09,368.1,0
1998-06-10,512.3,0
1998-06-11,575.0,0
1998-06-12,1945.0,0
1998-06-13,596.8,0
1998-06-14,470.0,0
1998-06-15,358.5,0
1998-06-16,400.7,0
1998-06-17,545.6,0
1998-06-18,1575.0,0
1998-06-19,442.5,0
1998-06-20,427.8,0
1998-06-21,506.0,0
1998-06-22,531.9,0
1998-06-23,430.7,0
1998-06-24,526.9,0
1998-06-25,1566.0,0
1998-06-26,1448.0,0
1998-06-27,600.5,0
1998-06-28,576.0,0
1998-06-29,561.7,0
1998-06-30,533.4,0
1998-07-01,449.7,0
1998-07-02,431.3,0
1998-07-03,425.7,0
1998-07-04,417.2,0
1998-07-05,487.0,0
1998-07-06,560.2,0
1998-07-07,577.0,0
1998-07-08,573.0,0
1998-07-09,569.6,0
1998-07-10,593.8,0
1998-07-11,603.4,0
1998-07-12,590.0,0
1998-07-13,575.8,0
1998-07-14,439.1,0
1998-07-15,422.9,0
1998-07-16,418.3,0
1998-07-17,418.8,0
1998-07-18,424.9,0
1998-07-19,1200.0,0
1998-07-20,599.6,0
1998-07-21,720.5,0
1998-07-22,1070.0,0
1998-07-23,1213.0,0
1998-07-24,1450.0,0
1998-07-25,1132.0,0
1998-07-26,1067.0,0
1998-07-27,1001.0,0
1998-07-28,930.9,0
1998-07-29,869.1,0
1998-07-30,819.4,0
1998-07-31,753.1,0
1998-08-01,721.0,0
1998-08-02,750.0,0
1998-08-03,670.0,0
1998-08-04,601.4,0
1998-08-05,583.1,0
1998-08-06,553.3,0
1998-08-07,546.2,0
1998-08-08,551.6,0
1998-08-09,609.0,0
1998-08-10,580.4,0
1998-08-11,610.6,0
1998-08-12,582.1,0
1998-08-13,553.9,0
1998-08-14,604.3,0
1998-08-15,1475.0,0
1998-08-16,816.0,0
1998-08-17,742.4,0
1998-08-18,944.4,0
1998-08-19,592.2,0
1998-08-20,765.0,0
1998-08-21,751.6,0
1998-08-22,578.1,0
1998-08-23,544.8,0
1998-08-24,526.9,0
1998-08-25,518.7,0
1998-08-26,1289.0,0
1998-08-27,775.2,0
1998-08-28,743.7,0
1998-08-29,531.7,0
1998-08-30,529.0,0
1998-08-31,528.0,0
1998-09-01,545.5,0
1998-09-02,529.3,0
1998-09-03,555.9,0
1998-09-04,546.3,0
1998-09-05,522.7,0
1998-09-06,520.0,0
1998-09-07,516.3,0
1998-09-08,462.3,0
1998-09-09,438.2,0
1998-09-10,425.8,0
1998-09-11,412.0,0
1998-09-12,380.8,0
1998-09-13,377.0,0
1998-09-14,373.6,0
1998-09-15,343.6,0
1998-09-16,322.4,0
1998-09-17,301.6,0
1998-09-18,314.9,0
1998-09-19,300.8,0
1998-09-20,300.0,0
1998-09-21,306.9,0
1998-09-22,300.6,0
1998-09-23,308.4,0
1998-09-24,284.3,0
1998-09-25,265.4,0
1998-09-26,247.9,0
1998-09-27,229.0,0
1998-09-28,220.0,0
1998-09-29,215.0,0
1998-09-30,213.0,0
1998-10-01,211.0,0
1998-10-02,211.0,0
1998-10-03,210.6,0
1998-10-04,207.0,0
1998-10-05,205.7,0
1998-10-06,193.8,0
1998-10-07,193.0,0
1998-10-08,183.6,0
1998-10-09,177.9,0
1998-10-10,176.9,0
1998-10-11,175.0,0
1998-10-12,178.5,0
1998-10-13,174.3,0
1998-10-14,174.1,0
1998-10-15,174.5,0
1998-10-16,171.7,0
1998-10-17,169.0,0
1998-10-18,168.0,0
1998-10-19,167.0,0
1998-10-20,178.8,0
1998-10-21,180.6,0
1998-10-22,173.9,0
1998-10-23,173.3,0
1998-10-24,171.2,0
1998-10-25,169.0,0
1998-10-26,165.9,0
1998-10-27,164.6,0
1998-10-28,161.2,0
1998-10-29,158.5,0
1998-10-30,155.8,0
1998-10-31,155.3,0
1998-11-01,139.0,0
1998-11-02,123.1,0
1998-11-03,121.4,0
1998-11-04,119.0,0
1998-11-05,116.2,0
1998-11-06,109.4,0
1998-11-07,108.8,0
1998-11-08,108.0,0
1998-11-09,107.7,0
1998-11-10,106.8,0
1998-11-11,106.7,0
1998-11-12,105.1,0
1998-11-13,103.4,0
1998-11-14,102.1,0
1998-11-15,99.0,0
1998-11-16,96.58,0
1998-11-17,96.88,0
1998-11-18,96.99,0
1998-11-19,96.5,0
1998-11-20,95.37,0
1998-11-21,90.08,0
1998-11-22,90.0,0
1998-11-23,85.34,0
1998-11-24,83.53,0
1998-11-25,82.88,0
1998-11-26,82.25,0
1998-11-27,81.16,0
1998-11-28,80.31,0
1998-11-29,80.0,0
1998-11-30,77.65,0
1998-12-01,71.3,0
1998-12-02,70.28,0
1998-12-03,69.23,0
1998-12-04,68.25,0
1998-12-05,67.07,0
1998-12-06,67.0,0
1998-12-07,66.08,0
1998-12-08,65.82,0
1998-12-09,64.86,0
1998-12-10,61.53,0
1998-12-11,62.06,0
1998-12-12,60.2,0
1998-12-13,59.0,0
1998-12-14,58.39,0
1998-12-15,56.02,0
1998-12-16,56.73,0
1998-12-17,55.97,0
1998-12-18,54.99,0
1998-12-19,53.63,0
1998-12-20,53.0,0
1998-12-21,52.4,0
1998-12-22,50.68,0
1998-12-23,50.22,0
1998-12-24,48.81,0
1998-12-25,49.0,0
1998-12-26,47.94,0
1998-12-27,48.0,0
1998-12-28,47.14,0
1998-12-29,46.84,0
1998-12-30,45.64,0
1998-12-31,45.64,0
1999-01-01,44.15,0
1999-01-02,43.82,0
1999-01-03,43.0,0
1999-01-04,43.27,0
1999-01-05,43.17,0
1999-01-06,42.66,0
1999-01-07,41.78,0
1999-01-08,41.71,0
1999-01-09,41.2,0
1999-01-10,40.0,0
1999-01-11,40.15,0
1999-01-12,38.82,0
1999-01-13,38.25,0
1999-01-14,35.53,0
1999-01-15,35.0,0
1999-01-16,35.25,0
1999-01-17,35.0,0
1999-01-18,35.05,0
1999-01-19,35.0,0
1999-01-20,34.84,0
1999-01-21,34.95,0
1999-01-22,34.8,0
1999-01-23,34.76,0
1999-01-24,35.0,0
1999-01-25,34.52,0
1999-01-26,34.0,0
1999-01-27,34.29,0
1999-01-28,33.91,0
1999-01-29,34.59,0
1999-01-30,34.67,0
1999-01-31,34.0,0
1999-02-01,35.67,0
1999-02-02,35.35,0
1999-02-03,35.06,0
1999-02-04,34.82,0
1999-02-05,35.19,0
1999-02-06,34.88,0
1999-02-07,35.0,0
1999-02-08,34.26,0
1999-02-09,33.74,0
1999-02-10,33.17,0
1999-02-11,32.68,0
1999-02-12,32.36,0
1999-02-13,32.46,0
1999-02-14,32.0,0
1999-02-15,31.42,0
1999-02-16,31.86,0
1999-02-17,31.66,0
1999-02-18,31.49,0
1999-02-19,31.21,0
1999-02-20,31.16,0
1999-02-21,31.0,0
1999-02-22,31.23,0
1999-02-23,30.14,0
1999-02-24,29.94,0
1999-02-25,29.61,0
1999-02-26,29.59,0
1999-02-27,29.2,0
1999-02-28,29.0,0
1999-03-01,29.0,0
1999-03-02,28.82,0
1999-03-03,28.8,0
1999-03-04,28.49,0
1999-03-05,28.38,0
1999-03-06,28.63,0
1999-03-07,28.0,0
1999-03-08,27.86,0
1999-03-09,27.85,0
1999-03-10,27.51,0
1999-03-11,27.19,0
1999-03-12,26.98,0
1999-03-13,27.48,0
1999-03-14,27.0,0
1999-03-15,26.93,0
1999-03-16,26.22,0
1999-03-17,25.96,0
1999-03-18,25.77,0
1999-03-19,25.74,0
1999-03-20,25.55,0
1999-03-21,25.0,0
1999-03-22,25.0,0
1999-03-23,24.88,0
1999-03-24,24.85,0
1999-03-25,24.51,0
1999-03-26,24.24,0
1999-03-27,26.82,0
1999-03-28,27.0,0
1999-03-29,26.0,0
1999-03-30,27.42,0
1999-03-31,26.9,0
1999-04-01,29.11,0
1999-04-02,29.0,0
1999-04-03,29.82,0
1999-04-04,33.0,0
1999-04-05,36.25,0
1999-04-06,35.36,0
1999-04-07,41.51,1
1999-04-08,34.99,0
1999-04-09,36.47,0
1999-04-10,42.23,0
1999-04-11,46.0,0
1999-04-12,36.47,0
1999-04-13,36.06,0
1999-04-14,41.0,0
1999-04-15,42.0,0
1999-04-16,43.08,0
1999-04-17,41.95,0
1999-04-18,39.0,0
1999-04-19,36.97,0
1999-04-20,35.87,0
1999-04-21,34.3,0
1999-04-22,33.89,0
1999-04-23,42.52,0
1999-04-24,201.0,0
1999-04-25,185.0,0
1999-04-26,174.8,0
1999-04-27,177.0,0
1999-04-28,115.4,0
1999-04-29,184.3,0
1999-04-30,184.0,0
1999-05-01,148.1,0
1999-05-02,177.0,0
1999-05-03,146.2,0
1999-05-04,145.7,0
1999-05-05,140.7,0
1999-05-06,130.4,0
1999-05-07,139.5,0
1999-05-08,125.4,0
1999-05-09,142.0,0
1999-05-10,114.4,0
1999-05-11,108.4,0
1999-05-12,115.3,0
1999-05-13,114.1,0
1999-05-14,106.9,0
1999-05-15,104.0,0
1999-05-16,110.0,0
1999-05-17,115.1,0
1999-05-18,112.2,0
1999-05-19,103.6,0
1999-05-20,104.9,0
1999-05-21,106.9,0
1999-05-22,111.9,0
1999-05-23,121.0,0
1999-05-24,133.5,0
1999-05-25,127.2,0
1999-05-26,134.3,0
1999-05-27,160.9,0
1999-05-28,182.7,0
1999-05-29,195.3,0
1999-05-30,209.0,0
1999-05-31,239.9,0
1999-06-01,260.7,0
1999-06-02,235.5,0
1999-06-03,198.9,0
1999-06-04,169.2,0
1999-06-05,165.6,0
1999-06-06,156.0,0
1999-06-07,146.8,0
1999-06-08,130.1,0
1999-06-09,145.0,0
1999-06-10,150.3,0
1999-06-11,233.2,0
1999-06-12,212.5,0
1999-06-13,252.0,0
1999-06-14,251.6,0
1999-06-15,241.5,0
1999-06-16,204.9,0
1999-06-17,184.4,0
1999-06-18,166.4,0
1999-06-19,226.1,0
1999-06-20,234.0,0
1999-06-21,241.2,0
1999-06-22,234.7,0
1999-06-23,276.9,0
1999-06-24,660.7,0
1999-06-25,495.7,0
1999-06-26,436.9,0
1999-06-27,454.0,0
1999-06-28,615.4,0
1999-06-29,581.7,0
1999-06-30,459.4,0
1999-07-01,442.1,0
1999-07-02,424.5,0
1999-07-03,1051.0,0
1999-07-04,776.0,0
1999-07-05,510.4,0
1999-07-06,420.9,0
1999-07-07,489.8,0
1999-07-08,468.6,0
1999-07-09,483.7,0
1999-07-10,772.9,0
1999-07-11,622.0,0
1999-07-12,474.5,0
1999-07-13,482.0,0
1999-07-14,417.4,0
1999-07-15,430.9,0
1999-07-16,413.5,0
1999-07-17,412.3,0
1999-07-18,583.0,0
1999-07-19,748.6,0
1999-07-20,529.0,0
1999-07-21,438.4,0
1999-07-22,435.9,0
1999-07-23,533.2,0
1999-07-24,473.7,0
1999-07-25,444.0,0
1999-07-26,416.7,0
1999-07-27,409.4,0
1999-07-28,413.8,0
1999-07-29,424.0,0
1999-07-30,414.1,0
1999-07-31,405.4,0
1999-08-01,408.0,0
1999-08-02,420.4,0
1999-08-03,402.2,0
1999-08-04,416.9,0
1999-08-05,393.9,0
1999-08-06,386.1,0
1999-08-07,354.3,0
1999-08-08,347.0,0
1999-08-09,414.2,0
1999-08-10,444.1,0
1999-08-11,421.0,0
1999-08-12,429.7,0
1999-08-13,415.9,0
1999-08-14,410.0,0
1999-08-15,410.0,0
1999-08-16,503.9,0
1999-08-17,433.5,0
1999-08-18,597.8,0
1999-08-19,595.4,0
1999-08-20,554.4,0
1999-08-21,591.2,0
1999-08-22,502.0,0
1999-08-23,551.9,0
1999-08-24,980.3,0
1999-08-25,1581.0,0
1999-08-26,1520.0,0
1999-08-27,1349.0,0
1999-08-28,1108.0,0
1999-08-29,995.0,0
1999-08-30,883.4,0
1999-08-31,865.3,0
1999-09-01,874.2,0
1999-09-02,975.5,0
1999-09-03,960.7,0
1999-09-04,675.0,0
1999-09-05,598.0,0
1999-09-06,552.3,0
1999-09-07,549.9,0
1999-09-08,546.4,0
1999-09-09,461.9,0
1999-09-10,472.7,0
1999-09-11,431.2,0
1999-09-12,406.0,0
1999-09-13,403.2,0
1999-09-14,390.7,0
1999-09-15,375.8,0
1999-09-16,388.6,0
1999-09-17,373.5,0
1999-09-18,351.5,0
1999-09-19,348.0,0
1999-09-20,344.7,0
1999-09-21,331.4,0
1999-09-22,318.8,0
1999-09-23,305.7,0
1999-09-24,300.6,0
1999-09-25,297.4,0
1999-09-26,332.0,0
1999-09-27,366.6,0
1999-09-28,334.7,0
1999-09-29,332.9,0
1999-09-30,328.9,0
1999-10-01,317.3,0
1999-10-02,305.0,0
1999-10-03,294.0,0
1999-10-04,321.7,0
1999-10-05,306.6,0
1999-10-06,304.9,0
1999-10-07,303.2,0
1999-10-08,294.3,0
1999-10-09,289.0,0
1999-10-10,277.0,0
1999-10-11,265.7,0
1999-10-12,239.4,0
1999-10-13,232.2,0
1999-10-14,227.8,0
1999-10-15,221.8,0
1999-10-16,220.9,0
1999-10-17,217.0,0
1999-10-18,213.8,0
1999-10-19,212.0,0
1999-10-20,462.1,0
1999-10-21,388.5,0
1999-10-22,230.0,0
1999-10-23,225.5,0
1999-10-24,223.0,0
1999-10-25,220.8,0
1999-10-26,218.6,0
1999-10-27,216.1,0
1999-10-28,214.8,0
1999-10-29,214.0,0
1999-10-30,212.0,0
1999-10-31,212.0,0
1999-11-01,201.8,0
1999-11-02,196.5,0
1999-11-03,193.8,0
1999-11-04,191.6,0
1999-11-05,189.5,0
1999-11-06,186.8,0
1999-11-07,183.0,0
1999-11-08,186.2,0
1999-11-09,170.1,0
1999-11-10,169.7,0
1999-11-11,166.9,0
1999-11-12,165.2,0
1999-11-13,164.3,0
1999-11-14,162.0,0
1999-11-15,159.1,0
1999-11-16,157.6,0
1999-11-17,156.1,0
1999-11-18,158.1,0
1999-11-19,160.5,0
1999-11-20,160.6,0
1999-11-21,159.0,0
1999-11-22,156.7,0
1999-11-23,156.0,0
1999-11-24,154.9,0
1999-11-25,151.8,0
1999-11-26,149.3,0
1999-11-27,148.1,0
1999-11-28,147.0,0
1999-11-29,146.2,0
1999-11-30,144.0,0
1999-12-01,142.3,0
1999-12-02,140.4,0
1999-12-03,139.6,0
1999-12-04,137.1,0
1999-12-05,135.0,0
1999-12-06,133.4,0
1999-12-07,130.1,0
1999-12-08,128.7,0
1999-12-09,127.1,0
1999-12-10,123.6,0
1999-12-11,122.0,0
1999-12-12,120.0,0
1999-12-13,117.9,0
1999-12-14,116.3,0
1999-12-15,115.1,0
1999-12-16,112.6,0
1999-12-17,106.1,0
1999-12-18,103.2,0
1999-12-19,101.0,0
1999-12-20,97.87,0
1999-12-21,96.18,0
1999-12-22,92.32,0
1999-12-23,91.79,0
1999-12-24,88.7,0
1999-12-25,89.0,0
1999-12-26,87.0,0
1999-12-27,85.72,0
1999-12-28,84.49,0
1999-12-29,83.96,0
1999-12-30,82.14,0
1999-12-31,81.03,0
2000-01-01,81.06,0
2000-01-02,79.0,0
2000-01-03,77.97,0
2000-01-04,76.83,0
2000-01-05,76.5,0
2000-01-06,74.19,0
2000-01-07,73.25,0
2000-01-08,72.28,0
2000-01-09,71.0,0
2000-01-10,70.04,0
2000-01-11,68.09,0
2000-01-12,66.72,0
2000-01-13,66.25,0
2000-01-14,65.12,0
2000-01-15,64.09,0
2000-01-16,64.0,0
2000-01-17,62.92,0
2000-01-18,60.07,0
2000-01-19,59.2,0
2000-01-20,54.73,0
2000-01-21,50.8,0
2000-01-22,49.89,0
2000-01-23,49.0,0
2000-01-24,48.23,0
2000-01-25,43.57,0
2000-01-26,43.0,0
2000-01-27,42.17,0
2000-01-28,41.91,0
2000-01-29,41.19,0
2000-01-30,44.0,0
2000-01-31,42.86,0
2000-02-01,41.25,0
2000-02-02,41.68,0
2000-02-03,56.19,0
2000-02-04,43.16,0
2000-02-05,42.3,0
2000-02-06,42.0,0
2000-02-07,41.09,0
2000-02-08,38.01,0
2000-02-09,36.48,0
2000-02-10,36.73,0
2000-02-11,36.27,0
2000-02-12,35.77,0
2000-02-13,35.0,0
2000-02-14,34.58,0
2000-02-15,33.8,0
2000-02-16,33.48,0
2000-02-17,32.39,0
2000-02-18,31.53,0
2000-02-19,30.79,0
2000-02-20,31.0,0
2000-02-21,30.84,0
2000-02-22,30.21,0
2000-02-23,29.18,0
2000-02-24,29.07,0
2000-02-25,28.91,0
2000-02-26,28.36,0
2000-02-27,28.0,0
2000-02-28,27.78,0
2000-02-29,27.75,0
2000-03-01,27.48,0
2000-03-02,29.83,0
2000-03-03,29.72,0
2000-03-04,29.35,0
2000-03-05,29.0,0
2000-03-06,27.89,0
2000-03-07,31.09,0
2000-03-08,29.87,0
2000-03-09,30.9,0
2000-03-10,32.8,0
2000-03-11,32.62,0
2000-03-12,31.0,0
2000-03-13,32.17,0
2000-03-14,32.54,0
2000-03-15,32.68,0
2000-03-16,31.89,0
2000-03-17,35.0,0
2000-03-18,33.64,0
2000-03-19,33.0,0
2000-03-20,33.0,0
2000-03-21,31.5,0
2000-03-22,31.03,0
2000-03-23,30.56,0
2000-03-24,30.32,0
2000-03-25,29.79,0
2000-03-26,30.0,0
2000-03-27,29.67,0
2000-03-28,32.63,0
2000-03-29,30.12,0
2000-03-30,29.3,0
2000-03-31,32.14,0
2000-04-01,58.79,1
2000-04-02,171.0,0
2000-04-03,134.3,0
2000-04-04,116.0,0
2000-04-05,120.6,0
2000-04-06,97.83,0
2000-04-07,88.28,0
2000-04-08,95.64,0
2000-04-09,94.0,0
2000-04-10,97.32,0
2000-04-11,97.87,0
2000-04-12,85.34,0
2000-04-13,77.96,0
2000-04-14,81.0,0
2000-04-15,73.46,0
2000-04-16,68.0,0
2000-04-17,126.6,0
2000-04-18,99.98,0
2000-04-19,95.03,0
2000-04-20,83.77,0
2000-04-21,111.0,0
2000-04-22,129.7,0
2000-04-23,160.0,0
2000-04-24,166.4,0
2000-04-25,158.1,0
2000-04-26,130.8,0
2000-04-27,126.1,0
2000-04-28,128.0,0
2000-04-29,181.6,0
2000-04-30,164.0,0
2000-05-01,146.9,0
2000-05-02,173.4,0
2000-05-03,141.5,0
2000-05-04,130.3,0
2000-05-05,127.8,0
2000-05-06,126.6,0
2000-05-07,132.0,0
2000-05-08,131.3,0
2000-05-09,123.4,0
2000-05-10,123.7,0
2000-05-11,131.1,0
2000-05-12,122.5,0
2000-05-13,129.2,0
2000-05-14,127.0,0
2000-05-15,139.3,0
2000-05-16,134.9,0
2000-05-17,131.7,0
2000-05-18,136.0,0
2000-05-19,141.4,0
2000-05-20,178.2,0
2000-05-21,177.0,0
2000-05-22,180.3,0
2000-05-23,188.2,0
2000-05-24,170.0,0
2000-05-25,164.6,0
2000-05-26,185.4,0
2000-05-27,298.0,0
2000-05-28,305.0,0
2000-05-29,284.4,0
2000-05-30,256.2,0
2000-05-31,236.5,0
2000-06-01,238.8,0
2000-06-02,232.7,0
2000-06-03,207.8,0
2000-06-04,201.0,0
2000-06-05,237.0,0
2000-06-06,231.6,0
2000-06-07,252.3,0
2000-06-08,262.0,0
2000-06-09,264.0,0
2000-06-10,231.1,0
2000-06-11,319.0,0
2000-06-12,275.2,0
2000-06-13,260.7,0
2000-06-14,475.5,0
2000-06-15,386.0,0
2000-06-16,292.0,0
2000-06-17,271.4,0
2000-06-18,285.0,0
2000-06-19,334.9,0
2000-06-20,282.4,0
2000-06-21,616.0,0
2000-06-22,1279.0,0
2000-06-23,822.3,0
2000-06-24,627.4,0
2000-06-25,637.0,0
2000-06-26,772.0,0
2000-06-27,602.5,0
2000-06-28,583.1,0
2000-06-29,510.1,0
2000-06-30,623.2,0
2000-07-01,611.3,0
2000-07-02,578.0,0
2000-07-03,542.8,0
2000-07-04,473.0,0
2000-07-05,566.0,0
2000-07-06,610.6,0
2000-07-07,577.9,0
2000-07-08,606.8,0
2000-07-09,619.0,0
2000-07-10,591.5,0
2000-07-11,550.3,0
2000-07-12,498.0,0
2000-07-13,543.0,0
2000-07-14,500.0,0
2000-07-15,532.8,0
2000-07-16,502.0,0
2000-07-17,467.7,0
2000-07-18,470.9,0
2000-07-19,458.3,0
2000-07-20,445.2,0
2000-07-21,611.5,0
2000-07-22,513.1,0
2000-07-23,501.0,0
2000-07-24,463.4,0
2000-07-25,492.8,0
2000-07-26,597.1,0
2000-07-27,545.7,0
2000-07-28,530.3,0
2000-07-29,624.1,0
2000-07-30,530.0,0
2000-07-31,535.7,0
2000-08-01,798.8,0
2000-08-02,1657.0,0
2000-08-03,3800.0,0
2000-08-04,1300.0,0
2000-08-05,550.0,0
2000-08-06,540.0,0
2000-08-07,530.0,0
2000-08-08,540.0,0
2000-08-09,520.0,0
2000-08-10,440.0,0
2000-08-11,425.3,0
2000-08-12,434.6,0
2000-08-13,419.0,0
2000-08-14,394.6,0
2000-08-15,482.0,0
2000-08-16,428.0,0
2000-08-17,474.0,0
2000-08-18,371.0,0
2000-08-19,400.0,0
2000-08-20,394.0,0
2000-08-21,427.5,0
2000-08-22,450.9,0
2000-08-23,443.1,0
2000-08-24,459.9,0
2000-08-25,440.8,0
2000-08-26,409.8,0
2000-08-27,448.0,0
2000-08-28,448.0,0
2000-08-29,407.1,0
2000-08-30,451.0,0
2000-08-31,435.3,0
2000-09-01,454.7,0
2000-09-02,473.0,0
2000-09-03,470.0,0
2000-09-04,660.9,0
2000-09-05,567.9,0
2000-09-06,452.0,0
2000-09-07,371.8,0
2000-09-08,475.9,0
2000-09-09,399.1,0
2000-09-10,377.0,0
2000-09-11,376.6,0
2000-09-12,353.0,0
2000-09-13,334.5,0
2000-09-14,333.3,0
2000-09-15,426.3,0
2000-09-16,392.0,0
2000-09-17,557.0,0
2000-09-18,405.9,0
2000-09-19,360.0,0
2000-09-20,335.7,0
2000-09-21,332.6,0
2000-09-22,324.0,0
2000-09-23,317.2,0
2000-09-24,351.0,0
2000-09-25,327.7,0
2000-09-26,328.9,0
2000-09-27,310.7,0
2000-09-28,306.9,0
2000-09-29,305.0,0
2000-09-30,296.6,0
2000-10-01,290.0,0
2000-10-02,287.0,0
2000-10-03,289.6,0
2000-10-04,284.3,0
2000-10-05,287.7,0
2000-10-06,283.0,0
2000-10-07,280.0,0
2000-10-08,278.0,0
2000-10-09,279.0,0
2000-10-10,278.5,0
2000-10-11,292.4,0
2000-10-12,288.6,0
2000-10-13,267.5,0
2000-10-14,261.2,0
2000-10-15,256.0,0
2000-10-16,241.8,0
2000-10-17,238.2,0
2000-10-18,212.2,0
2000-10-19,211.5,0
2000-10-20,171.3,0
2000-10-21,162.7,0
2000-10-22,147.0,0
2000-10-23,130.3,0
2000-10-24,134.9,0
2000-10-25,128.8,0
2000-10-26,117.0,0
2000-10-27,104.0,0
2000-10-28,103.0,0
2000-10-29,100.0,0
2000-10-30,98.3,0
2000-10-31,97.2,0
2000-11-01,95.82,0
2000-11-02,93.99,0
2000-11-03,90.96,0
2000-11-04,80.11,0
2000-11-05,78.0,0
2000-11-06,74.71,0
2000-11-07,70.38,0
2000-11-08,69.97,0
2000-11-09,68.19,0
2000-11-10,66.79,0
2000-11-11,67.0,0
2000-11-12,66.0,0
2000-11-13,67.46,0
2000-11-14,68.41,0
2000-11-15,66.79,0
2000-11-16,65.49,0
2000-11-17,63.97,0
2000-11-18,61.43,0
2000-11-19,60.0,0
2000-11-20,58.27,0
2000-11-21,57.32,0
2000-11-22,56.73,0
2000-11-23,57.78,0
2000-11-24,58.61,0
2000-11-25,56.21,0
2000-11-26,53.0,0
2000-11-27,52.94,0
2000-11-28,49.23,0
2000-11-29,48.55,0
2000-11-30,48.03,0
2000-12-01,47.28,0
2000-12-02,48.43,0
2000-12-03,47.0,0
2000-12-04,46.83,0
2000-12-05,46.8,0
2000-12-06,45.81,0
2000-12-07,44.21,0
2000-12-08,43.14,0
2000-12-09,42.08,0
2000-12-10,42.0,0
2000-12-11,41.31,0
2000-12-12,40.0,0
2000-12-13,40.04,0
2000-12-14,38.6,0
2000-12-15,38.61,0
2000-12-16,38.07,0
2000-12-17,36.0,0
2000-12-18,35.32,0
2000-12-19,34.39,0
2000-12-20,33.91,0
2000-12-21,33.45,0
2000-12-22,33.54,0
2000-12-23,32.54,0
2000-12-24,33.0,0
2000-12-25,33.0,0
2000-12-26,32.37,0
2000-12-27,31.81,0
2000-12-28,31.48,0
2000-12-29,31.19,0
2000-12-30,31.24,0
2000-12-31,31.0,0
2001-01-01,30.568516,0
2001-01-02,30.270714,0
2001-01-03,29.911411,0
2001-01-04,30.317923,0
2001-01-05,31.026207,0
2001-01-06,29.13991,0
2001-01-07,28.0,0
2001-01-08,28.42405,0
2001-01-09,28.31765,0
2001-01-10,27.94939,0
2001-01-11,31.553911,0
2001-01-12,30.60412,0
2001-01-13,27.087635,0
2001-01-14,38.0,1
2001-01-15,23.706453,0
2001-01-16,23.289904,0
2001-01-17,23.098896,0
2001-01-18,22.415222,0
2001-01-19,22.317854,0
2001-01-20,21.972841,0
2001-01-21,27.0,0
2001-01-22,21.407198,0
2001-01-23,20.779135,0
2001-01-24,20.479422,0
2001-01-25,26.336346,0
2001-01-26,26.142984,0
2001-01-27,26.14,0
2001-01-28,26.0,0
2001-01-29,26.0,0
2001-01-30,25.512037,0
2001-01-31,25.575598,0
2001-02-01,25.835514,0
2001-02-02,25.705227,0
2001-02-03,25.53701,0
2001-02-04,26.0,0
2001-02-05,25.254267,0
2001-02-06,24.509686,0
2001-02-07,24.843008,0
2001-02-08,24.30833,0
2001-02-09,24.042574,0
2001-02-10,24.152903,0
2001-02-11,24.0,0
2001-02-12,23.879168,0
2001-02-13,23.692608,0
2001-02-14,23.446058,0
2001-02-15,23.362741,0
2001-02-16,23.075378,0
2001-02-17,22.912388,0
2001-02-18,23.0,0
2001-02-19,23.069181,0
2001-02-20,22.929392,0
2001-02-21,29.42,0
2001-02-22,26.170547,0
2001-02-23,24.7403,0
2001-02-24,23.796047,0
2001-02-25,24.0,0
2001-02-26,23.48842,0
2001-02-27,26.265247,0
2001-02-28,25.15469,0
2001-03-01,24.479883,0
2001-03-02,23.782455,0
2001-03-03,23.361055,0
2001-03-04,23.0,0
2001-03-05,22.940676,0
2001-03-06,23.0,0
2001-03-07,22.842508,0
2001-03-08,22.325848,0
2001-03-09,22.0,0
2001-03-10,22.053743,0
2001-03-11,23.0,0
2001-03-12,21.81913,0
2001-03-13,21.878996,0
2001-03-14,21.536348,0
2001-03-15,21.334162,0
2001-03-16,21.315622,0
2001-03-17,21.32998,0
2001-03-18,21.0,0
2001-03-19,21.012087,0
2001-03-20,20.721952,0
2001-03-21,20.375881,0
2001-03-22,20.211653,0
2001-03-23,20.46939,0
2001-03-24,20.219707,0
2001-03-25,20.0,0
2001-03-26,20.014349,0
2001-03-27,20.14897,0
2001-03-28,21.796095,0
2001-03-29,21.07092,0
2001-03-30,23.527687,0
2001-03-31,23.729399,0
2001-04-01,23.0,0
2001-04-02,22.531715,0
2001-04-03,21.983702,0
2001-04-04,21.39,0
2001-04-05,21.0,0
2001-04-06,21.0,0
2001-04-07,20.582584,0
2001-04-08,21.0,0
2001-04-09,21.061617,0
2001-04-10,20.398193,0
2001-04-11,25.204288,0
2001-04-12,24.063559,0
2001-04-13,25.0,0
2001-04-14,27.568491,0
2001-04-15,24.0,0
2001-04-16,25.525305,0
2001-04-17,60.61693199999999,1
2001-04-18,58.31523000000001,0
2001-04-19,56.427002,0
2001-04-20,54.227577,0
2001-04-21,52.726624,0
2001-04-22,53.0,0
2001-04-23,59.681430000000006,0
2001-04-24,58.91053,0
2001-04-25,57.682236,0
2001-04-26,67.00975,0
2001-04-27,76.35855,0
2001-04-28,83.44651999999999,0
2001-04-29,57.0,0
2001-04-30,64.82746,0
2001-05-01,77.09188,0
2001-05-02,58.914272,0
2001-05-03,61.50151,0
2001-05-04,61.18119,0
2001-05-05,55.91191,0
2001-05-06,56.0,0
2001-05-07,66.0,0
2001-05-08,65.74292,0
2001-05-09,94.21487,0
2001-05-10,85.69371,0
2001-05-11,87.82052,0
2001-05-12,85.27773,0
2001-05-13,80.0,0
2001-05-14,80.21428,0
2001-05-15,91.122635,0
2001-05-16,83.02698000000001,0
2001-05-17,77.55493,0
2001-05-18,71.72204599999999,0
2001-05-19,70.49184,0
2001-05-20,76.0,0
2001-05-21,91.46943,0
2001-05-22,95.044525,0
2001-05-23,90.88358,0
2001-05-24,126.88476,0
2001-05-25,140.43018,0
2001-05-26,151.79317,0
2001-05-27,144.0,0
2001-05-28,89.76195,0
2001-05-29,84.92066,0
2001-05-30,88.553795,0
2001-05-31,81.80573000000001,0
2001-06-01,124.68504,0
2001-06-02,101.84814,0
2001-06-03,94.0,0
2001-06-04,161.25226999999998,0
2001-06-05,167.0,0
2001-06-06,354.9456,0
2001-06-07,336.58267,0
2001-06-08,290.74414,0
2001-06-09,178.08882,0
2001-06-10,174.0,0
2001-06-11,164.75635,0
2001-06-12,150.91021999999998,0
2001-06-13,163.66953,0
2001-06-14,156.33937,0
2001-06-15,156.60446000000002,0
2001-06-16,158.5432,0
2001-06-17,152.0,0
2001-06-18,190.85516,0
2001-06-19,311.48038,0
2001-06-20,333.5385,0
2001-06-21,361.63306,0
2001-06-22,229.65659,0
2001-06-23,240.6809,0
2001-06-24,223.0,0
2001-06-25,193.90701,0
2001-06-26,178.31346000000002,0
2001-06-27,176.67401,0
2001-06-28,345.412,0
2001-06-29,201.93768,0
2001-06-30,199.1376,0
2001-07-01,190.0,0
2001-07-02,184.26758,0
2001-07-03,183.91307,0
2001-07-04,169.02983,0
2001-07-05,157.83556000000002,0
2001-07-06,141.4,0
2001-07-07,139.37497,0
2001-07-08,140.0,0
2001-07-09,130.46971000000002,0
2001-07-10,144.84488000000002,0
2001-07-11,187.05638,0
2001-07-12,343.35556,0
2001-07-13,183.48401,0
2001-07-14,178.33371,0
2001-07-15,168.0,0
2001-07-16,376.36774,0
2001-07-17,365.77258,0
2001-07-18,337.9593,0
2001-07-19,206.98257,0
2001-07-20,215.0416,0
2001-07-21,341.88547,0
2001-07-22,260.0,0
2001-07-23,201.28474,0
2001-07-24,332.7651,0
2001-07-25,209.96327,0
2001-07-26,379.4021,0
2001-07-27,405.28845,0
2001-07-28,366.29214,0
2001-07-29,393.0,0
2001-07-30,389.81503,0
2001-07-31,490.57413,0
2001-08-01,1197.2727,0
2001-08-02,963.1564,0
2001-08-03,830.09906,0
2001-08-04,783.5139,0
2001-08-05,704.0,0
2001-08-06,736.7702,0
2001-08-07,483.2469,0
2001-08-08,385.22836,0
2001-08-09,346.91974,0
2001-08-10,416.05905,0
2001-08-11,362.0332,0
2001-08-12,416.0,0
2001-08-13,406.81888,0
2001-08-14,330.9827,0
2001-08-15,452.0,0
2001-08-16,433.2645,0
2001-08-17,405.34454,0
2001-08-18,616.65735,0
2001-08-19,554.0,0
2001-08-20,509.8369,0
2001-08-21,467.73734,0
2001-08-22,544.9175,0
2001-08-23,583.6955,0
2001-08-24,517.23267,0
2001-08-25,486.48462,0
2001-08-26,486.0,0
2001-08-27,489.4561,0
2001-08-28,454.11853,0
2001-08-29,580.7393,0
2001-08-30,545.8113,0
2001-08-31,501.57175,0
2001-09-01,541.1077,0
2001-09-02,538.0,0
2001-09-03,559.5466299999999,0
2001-09-04,526.5515,0
2001-09-05,476.9826,0
2001-09-06,464.5745,0
2001-09-07,474.91846,0
2001-09-08,450.17276,0
2001-09-09,450.0,0
2001-09-10,431.81552,0
2001-09-11,439.8672,0
2001-09-12,416.49524,0
2001-09-13,426.3852,0
2001-09-14,457.0471,0
2001-09-15,423.6843,0
2001-09-16,400.0,0
2001-09-17,425.25775,0
2001-09-18,369.74857,0
2001-09-19,339.00995,0
2001-09-20,349.61047,0
2001-09-21,383.7387,0
2001-09-22,336.1439,0
2001-09-23,327.0,0
2001-09-24,320.5078,0
2001-09-25,277.41113,0
2001-09-26,270.39938,0
2001-09-27,261.94363,0
2001-09-28,268.43646,0
2001-09-29,255.31337,0
2001-09-30,264.0,0
2001-10-01,267.58954,0
2001-10-02,268.0,0
2001-10-03,268.6226,0
2001-10-04,316.25818,0
2001-10-05,383.43127,0
2001-10-06,857.9546,0
2001-10-07,623.0,0
2001-10-08,360.1663,0
2001-10-09,351.44357,0
2001-10-10,696.1763,0
2001-10-11,623.804,0
2001-10-12,559.5087,0
2001-10-13,548.47485,0
2001-10-14,472.0,0
2001-10-15,447.0704,0
2001-10-16,368.17624,0
2001-10-17,355.12103,0
2001-10-18,335.69083,0
2001-10-19,320.7669,0
2001-10-20,315.51016,0
2001-10-21,315.0,0
2001-10-22,280.15805,0
2001-10-23,236.93378,0
2001-10-24,222.03722,0
2001-10-25,218.0,0
2001-10-26,215.0,0
2001-10-27,180.23268,0
2001-10-28,176.0,0
2001-10-29,175.1172,0
2001-10-30,172.22673,0
2001-10-31,170.7942,0
2001-11-01,165.63263999999998,0
2001-11-02,160.75388999999998,0
2001-11-03,155.22146999999998,0
2001-11-04,152.0,0
2001-11-05,152.09206,0
2001-11-06,147.07578999999998,0
2001-11-07,115.73263500000002,0
2001-11-08,113.62546,0
2001-11-09,111.262924,0
2001-11-10,109.23411000000002,0
2001-11-11,108.0,0
2001-11-12,104.6642,0
2001-11-13,102.13159,0
2001-11-14,101.0,0
2001-11-15,98.91044,0
2001-11-16,97.532005,0
2001-11-17,94.85471,0
2001-11-18,94.0,0
2001-11-19,93.05844,0
2001-11-20,89.27216999999999,0
2001-11-21,87.5224,0
2001-11-22,88.10795,0
2001-11-23,88.94138000000001,0
2001-11-24,89.50236,0
2001-11-25,89.0,0
2001-11-26,86.72488,0
2001-11-27,85.38068,0
2001-11-28,82.74929,0
2001-11-29,80.93885,0
2001-11-30,81.0,0
2001-12-01,78.44573000000001,0
2001-12-02,78.0,0
2001-12-03,76.815575,0
2001-12-04,70.82125,0
2001-12-05,68.90016,0
2001-12-06,68.68326,0
2001-12-07,67.13911,0
2001-12-08,65.903465,0
2001-12-09,65.0,0
2001-12-10,64.520706,0
2001-12-11,63.849197,0
2001-12-12,62.29171,0
2001-12-13,61.754036,0
2001-12-14,60.99,0
2001-12-15,61.24649,0
2001-12-16,60.0,0
2001-12-17,59.0,0
2001-12-18,60.112946,0
2001-12-19,57.937893,0
2001-12-20,56.44575,0
2001-12-21,55.82616,0
2001-12-22,54.942574,0
2001-12-23,54.0,0
2001-12-24,53.62805,0
2001-12-25,54.0,0
2001-12-26,52.77021800000001,0
2001-12-27,51.185745,0
2001-12-28,50.263226,0
2001-12-29,45.586407,0
2001-12-30,45.0,0
2001-12-31,44.779778,0
2002-01-01,43.445656,0
2002-01-02,43.78545,0
2002-01-03,42.428192,0
2002-01-04,42.75003,0
2002-01-05,42.11829,0
2002-01-06,42.0,0
2002-01-07,40.284367,0
2002-01-08,40.441372,0
2002-01-09,35.077847,0
2002-01-10,35.015846,0
2002-01-11,34.69619,0
2002-01-12,34.286682,0
2002-01-13,34.0,0
2002-01-14,34.0,0
2002-01-15,35.089302,0
2002-01-16,34.8361,0
2002-01-17,35.857174,0
2002-01-18,36.1445,0
2002-01-19,34.64979,0
2002-01-20,35.0,0
2002-01-21,36.022488,0
2002-01-22,34.61703,0
2002-01-23,33.855404,0
2002-01-24,33.011654,0
2002-01-25,32.429222,0
2002-01-26,32.0,0
2002-01-27,31.0,0
2002-01-28,33.874393,0
2002-01-29,33.376583000000004,0
2002-01-30,33.213272,0
2002-01-31,32.384605,0
2002-02-01,31.49466,0
2002-02-02,31.361622,0
2002-02-03,31.0,0
2002-02-04,30.615906,0
2002-02-05,30.807392,0
2002-02-06,30.627434,0
2002-02-07,30.201818,0
2002-02-08,30.079683000000003,0
2002-02-09,29.557014,0
2002-02-10,29.0,0
2002-02-11,28.959787,0
2002-02-12,28.874714,0
2002-02-13,28.862894,0
2002-02-14,28.320318,0
2002-02-15,27.382002000000004,0
2002-02-16,26.902248,0
2002-02-17,26.0,0
2002-02-18,26.463676,0
2002-02-19,25.666883,0
2002-02-20,24.961765,0
2002-02-21,24.21362,0
2002-02-22,24.742018,0
2002-02-23,24.0,0
2002-02-24,24.0,0
2002-02-25,23.805855,0
2002-02-26,24.03756,0
2002-02-27,23.473965,0
2002-02-28,23.168982,0
2002-03-01,23.075008,0
2002-03-02,22.77381,0
2002-03-03,22.0,0
2002-03-04,24.97471,0
2002-03-05,24.357155,0
2002-03-06,23.845304,0
2002-03-07,23.444715,0
2002-03-08,23.020157,0
2002-03-09,22.273355,0
2002-03-10,22.0,0
2002-03-11,20.721447,0
2002-03-12,20.651594,0
2002-03-13,20.323822,0
2002-03-14,20.191122,0
2002-03-15,19.73222,0
2002-03-16,20.017567,0
2002-03-17,20.0,0
2002-03-18,19.390697,0
2002-03-19,19.033358,0
2002-03-20,19.456108,0
2002-03-21,19.006763,0
2002-03-22,18.814564,0
2002-03-23,28.96415,0
2002-03-24,33.0,0
2002-03-25,40.0,1
2002-03-26,36.986164,0
2002-03-27,35.436558000000005,0
2002-03-28,38.523838,0
2002-03-29,36.0,0
2002-03-30,37.31168,0
2002-03-31,33.0,0
2002-04-01,25.08175,0
2002-04-02,24.618595000000003,0
2002-04-03,28.76,0
2002-04-04,29.382668,0
2002-04-05,37.691013,0
2002-04-06,35.63694,0
2002-04-07,34.0,0
2002-04-08,37.761482,0
2002-04-09,45.97509,0
2002-04-10,92.19156,0
2002-04-11,77.26173399999999,0
2002-04-12,62.76727,0
2002-04-13,52.78,0
2002-04-14,49.0,0
2002-04-15,48.0,0
2002-04-16,47.508790000000005,0
2002-04-17,73.67224,0
2002-04-18,76.16080500000001,0
2002-04-19,99.67134,0
2002-04-20,91.976555,0
2002-04-21,93.0,0
2002-04-22,70.70651,0
2002-04-23,67.314995,0
2002-04-24,66.08566,0
2002-04-25,63.0,0
2002-04-26,62.24793,0
2002-04-27,95.38161,0
2002-04-28,69.0,0
2002-04-29,68.6781,0
2002-04-30,71.82202,0
2002-05-01,69.11075600000001,0
2002-05-02,88.92728000000001,0
2002-05-03,85.21041,0
2002-05-04,91.89438,0
2002-05-05,87.0,0
2002-05-06,81.0141,0
2002-05-07,74.27279,0
2002-05-08,71.01021999999999,0
2002-05-09,68.13189,0
2002-05-10,79.01159,0
2002-05-11,77.611374,0
2002-05-12,73.0,0
2002-05-13,72.14497,0
2002-05-14,68.93672,0
2002-05-15,78.98676,0
2002-05-16,74.76576,0
2002-05-17,69.79901,0
2002-05-18,71.23169,0
2002-05-19,89.0,0
2002-05-20,91.476906,0
2002-05-21,97.08533,0
2002-05-22,101.53819,0
2002-05-23,103.71542,0
2002-05-24,96.71005,0
2002-05-25,82.0,0
2002-05-26,79.0,0
2002-05-27,109.41348,0
2002-05-28,103.8023,0
2002-05-29,105.2528,0
2002-05-30,98.2343,0
2002-05-31,96.27057,0
2002-06-01,94.27026,0
2002-06-02,90.0,0
2002-06-03,117.897385,0
2002-06-04,150.63773,0
2002-06-05,154.46423,0
2002-06-06,169.78564,0
2002-06-07,176.54619,0
2002-06-08,201.01993,0
2002-06-09,180.0,0
2002-06-10,177.9446,0
2002-06-11,191.23914,0
2002-06-12,268.62216,0
2002-06-13,263.86307,0
2002-06-14,263.32028,0
2002-06-15,261.4026,0
2002-06-16,237.0,0
2002-06-17,215.4178,0
2002-06-18,203.6834,0
2002-06-19,176.16977,0
2002-06-20,199.99594,0
2002-06-21,258.3745,0
2002-06-22,208.71794,0
2002-06-23,200.0,0
2002-06-24,211.03014,0
2002-06-25,183.387,0
2002-06-26,179.66853,0
2002-06-27,192.44104,0
2002-06-28,176.6642,0
2002-06-29,205.98721,0
2002-06-30,206.0,0
2002-07-01,701.9281,0
2002-07-02,371.8,0
2002-07-03,350.1486,0
2002-07-04,357.39822000000004,0
2002-07-05,347.75300000000004,0
2002-07-06,343.5866,0
2002-07-07,348.0,0
2002-07-08,345.10916000000003,0
2002-07-09,382.78342,0
2002-07-10,375.13092,0
2002-07-11,706.2309,0
2002-07-12,886.3428,0
2002-07-13,818.3643,0
2002-07-14,900.0,0
2002-07-15,754.85693,0
2002-07-16,503.02316,0
2002-07-17,408.81442,0
2002-07-18,590.9788,0
2002-07-19,498.00516,0
2002-07-20,467.35614,0
2002-07-21,670.0,0
2002-07-22,813.29065,0
2002-07-23,676.8872,0
2002-07-24,2391.381,0
2002-07-25,1574.0537,0
2002-07-26,1222.3613,0
2002-07-27,1439.7993,0
2002-07-28,1081.0,0
2002-07-29,768.8519,0
2002-07-30,633.1709,0
2002-07-31,564.36786,0
2002-08-01,540.74805,0
2002-08-02,654.872,0
2002-08-03,1003.75885,0
2002-08-04,630.0,0
2002-08-05,478.0151,0
2002-08-06,432.04517,0
2002-08-07,340.5414,0
2002-08-08,353.39084,0
2002-08-09,329.87924,0
2002-08-10,334.1831,0
2002-08-11,400.0,0
2002-08-12,369.18506,0
2002-08-13,342.2114,0
2002-08-14,332.24344,0
2002-08-15,317.0,0
2002-08-16,289.02872,0
2002-08-17,314.28717,0
2002-08-18,371.0,0
2002-08-19,355.87622000000005,0
2002-08-20,1101.1217,0
2002-08-21,910.0556,0
2002-08-22,796.2643,0
2002-08-23,667.9052,0
2002-08-24,606.372,0
2002-08-25,588.0,0
2002-08-26,450.3701,0
2002-08-27,412.4,0
2002-08-28,358.5866,0
2002-08-29,307.77182,0
2002-08-30,285.91107,0
2002-08-31,279.30508,0
2002-09-01,270.0,0
2002-09-02,267.32,0
2002-09-03,257.5829,0
2002-09-04,205.44208,0
2002-09-05,219.85764,0
2002-09-06,196.66245,0
2002-09-07,190.05084,0
2002-09-08,185.0,0
2002-09-09,174.33058,0
2002-09-10,165.5094,0
2002-09-11,205.27625,0
2002-09-12,202.07362,0
2002-09-13,206.95876,0
2002-09-14,212.00969,0
2002-09-15,230.0,0
2002-09-16,225.62343,0
2002-09-17,231.67326,0
2002-09-18,203.77231,0
2002-09-19,202.318,0
2002-09-20,196.10886,0
2002-09-21,190.37756,0
2002-09-22,185.0,0
2002-09-23,180.66187,0
2002-09-24,187.16187,0
2002-09-25,199.54552,0
2002-09-26,217.07712,0
2002-09-27,202.96976,0
2002-09-28,239.69647,0
2002-09-29,195.0,0
2002-09-30,195.104,0
2002-10-01,213.22559,0
2002-10-02,210.0,0
2002-10-03,208.90225,0
2002-10-04,203.36172,0
2002-10-05,197.44232,0
2002-10-06,194.0,0
2002-10-07,191.46121,0
2002-10-08,188.83417,0
2002-10-09,207.93633,0
2002-10-10,190.2462,0
2002-10-11,183.25043,0
2002-10-12,180.08568,0
2002-10-13,172.0,0
2002-10-14,168.0,0
2002-10-15,167.0,0
2002-10-16,164.78645,0
2002-10-17,166.30434,0
2002-10-18,170.62927,0
2002-10-19,169.87136999999998,0
2002-10-20,157.0,0
2002-10-21,156.87583999999998,0
2002-10-22,133.84113,0
2002-10-23,161.34691999999998,0
2002-10-24,146.06976,0
2002-10-25,141.35675,0
2002-10-26,131.70886000000002,0
2002-10-27,128.0,0
2002-10-28,127.15024,0
2002-10-29,124.756584,0
2002-10-30,124.229706,0
2002-10-31,122.93155,0
2002-11-01,117.93204,0
2002-11-02,108.99026,0
2002-11-03,108.0,0
2002-11-04,108.0,0
2002-11-05,105.88222,0
2002-11-06,104.37102,0
2002-11-07,102.00547,0
2002-11-08,99.30698,0
2002-11-09,97.06966,0
2002-11-10,97.0,0
2002-11-11,95.40561,0
2002-11-12,87.87763000000001,0
2002-11-13,86.30611,0
2002-11-14,84.358765,0
2002-11-15,83.32244,0
2002-11-16,81.63181999999999,0
2002-11-17,81.467865,0
2002-11-18,81.44,0
2002-11-19,80.0,0
2002-11-20,77.13072,0
2002-11-21,76.45395,0
2002-11-22,75.06538,0
2002-11-23,79.25591999999999,0
2002-11-24,82.0,0
2002-11-25,79.92746,0
2002-11-26,81.8129,0
2002-11-27,79.37331999999999,0
2002-11-28,78.046104,0
2002-11-29,77.60651,0
2002-11-30,75.00824,0
2002-12-01,75.0,0
2002-12-02,73.41541,0
2002-12-03,71.94724000000001,0
2002-12-04,71.10407,0
2002-12-05,71.50525,0
2002-12-06,69.0,0
2002-12-07,69.457695,0
2002-12-08,69.0,0
2002-12-09,68.38571999999999,0
2002-12-10,67.70215,0
2002-12-11,67.189865,0
2002-12-12,65.67201,0
2002-12-13,65.195206,0
2002-12-14,64.4728,0
2002-12-15,63.0,0
2002-12-16,62.95073299999999,0
2002-12-17,62.887154,0
2002-12-18,60.865135,0
2002-12-19,61.233036,0
2002-12-20,59.721397,0
2002-12-21,63.5669,0
2002-12-22,60.0,0
2002-12-23,59.662994,0
2002-12-24,58.598804,0
2002-12-25,59.0,0
2002-12-26,58.013252,0
2002-12-27,58.008793,0
2002-12-28,58.13676,0
2002-12-29,57.0,0
2002-12-30,56.727013,0
2002-12-31,56.983368000000006,0
2003-01-01,56.084545,0
2003-01-02,55.28234499999999,0
2003-01-03,54.145134,0
2003-01-04,53.972446,0
2003-01-05,54.0,0
2003-01-06,53.189587,0
2003-01-07,53.163540000000005,0
2003-01-08,52.77655,0
2003-01-09,49.823536,0
2003-01-10,49.59219,0
2003-01-11,48.529495,0
2003-01-12,48.0,0
2003-01-13,48.285633,0
2003-01-14,48.0,0
2003-01-15,47.663887,0
2003-01-16,47.616714,0
2003-01-17,40.04932,0
2003-01-18,39.093094,0
2003-01-19,40.0,0
2003-01-20,37.306255,0
2003-01-21,36.625916,0
2003-01-22,36.588814,0
2003-01-23,35.7812,0
2003-01-24,35.397247,0
2003-01-25,34.56368,0
2003-01-26,43.0,0
2003-01-27,36.029663,0
2003-01-28,35.19462,0
2003-01-29,34.707390000000004,0
2003-01-30,35.521286,0
2003-01-31,36.758373,0
2003-02-01,36.873436,0
2003-02-02,43.0,0
2003-02-03,35.717205,0
2003-02-04,36.07868,0
2003-02-05,34.92422,0
2003-02-06,32.79517,0
2003-02-07,32.393887,0
2003-02-08,32.906883,0
2003-02-09,38.0,0
2003-02-10,32.449165,0
2003-02-11,31.470608,0
2003-02-12,36.0,0
2003-02-13,30.608908000000003,0
2003-02-14,31.395433,0
2003-02-15,31.14504,0
2003-02-16,31.0,0
2003-02-17,30.71763,0
2003-02-18,30.047302,0
2003-02-19,30.541124,0
2003-02-20,37.118458,0
2003-02-21,36.407413,0
2003-02-22,31.029045,0
2003-02-23,31.0,0
2003-02-24,29.456123,0
2003-02-25,29.406021000000003,0
2003-02-26,32.676853,0
2003-02-27,31.79624,0
2003-02-28,32.590565000000005,0
2003-03-01,31.787651,0
2003-03-02,40.0,1
2003-03-03,31.06283,0
2003-03-04,30.85298,0
2003-03-05,29.266317,0
2003-03-06,34.27068,0
2003-03-07,24.174856,0
2003-03-08,24.15204,0
2003-03-09,39.0,0
2003-03-10,23.787407,0
2003-03-11,23.858212,0
2003-03-12,24.291935,0
2003-03-13,23.953085,0
2003-03-14,38.0,0
2003-03-15,25.88537,0
2003-03-16,48.0,0
2003-03-17,26.040125,0
2003-03-18,25.129532,0
2003-03-19,70.0,0
2003-03-20,28.036243,0
2003-03-21,29.991764,0
2003-03-22,28.367601,0
2003-03-23,50.0,0
2003-03-24,26.843174,0
2003-03-25,25.92371,0
2003-03-26,34.242935,0
2003-03-27,31.989956,0
2003-03-28,31.196325,0
2003-03-29,30.03143,0
2003-03-30,52.0,0
2003-03-31,29.22253,0
2003-04-01,53.16099499999999,0
2003-04-02,50.897614,0
2003-04-03,56.315254,0
2003-04-04,55.230503000000006,0
2003-04-05,49.464966,0
2003-04-06,70.0,0
2003-04-07,44.51998,0
2003-04-08,37.49217,0
2003-04-09,35.51828,0
2003-04-10,34.288734000000005,0
2003-04-11,33.415046999999994,0
2003-04-12,33.021114000000004,0
2003-04-13,86.0,0
2003-04-14,76.0,0
2003-04-15,83.0,0
2003-04-16,51.54524,0
2003-04-17,45.823654,0
2003-04-18,69.0,0
2003-04-19,53.12559,0
2003-04-20,75.0,0
2003-04-21,53.91415799999999,0
2003-04-22,52.184372,0
2003-04-23,50.819965,0
2003-04-24,52.75584,0
2003-04-25,49.73678,0
2003-04-26,55.960567000000005,0
2003-04-27,148.0,0
2003-04-28,135.24278,0
2003-04-29,130.65843,0
2003-04-30,128.64996000000002,0
2003-05-01,95.23598,0
2003-05-02,92.779335,0
2003-05-03,93.23604,0
2003-05-04,100.0,0
2003-05-05,86.064545,0
2003-05-06,83.98522,0
2003-05-07,81.31239000000001,0
2003-05-08,85.5115,0
2003-05-09,82.676025,0
2003-05-10,77.55686,0
2003-05-11,88.0,0
2003-05-12,74.277275,0
2003-05-13,72.57141999999999,0
2003-05-14,71.04982,0
2003-05-15,78.0,0
2003-05-16,80.0,0
2003-05-17,92.04101,0
2003-05-18,92.0,0
2003-05-19,92.18608,0
2003-05-20,94.26576,0
2003-05-21,82.67851,0
2003-05-22,85.40778,0
2003-05-23,104.18068,0
2003-05-24,89.60417,0
2003-05-25,240.0,0
2003-05-26,161.82526,0
2003-05-27,149.41386,0
2003-05-28,145.2303,0
2003-05-29,160.21996,0
2003-05-30,149.82468,0
2003-05-31,135.22038,0
2003-06-01,127.0,0
2003-06-02,125.98063,0
2003-06-03,126.94426,0
2003-06-04,129.85544,0
2003-06-05,124.55898,0
2003-06-06,131.85922,0
2003-06-07,123.485115,0
2003-06-08,136.0,0
2003-06-09,140.03008,0
2003-06-10,134.8406,0
2003-06-11,203.67175,0
2003-06-12,181.6333,0
2003-06-13,176.75066,0
2003-06-14,182.63934,0
2003-06-15,228.0,0
2003-06-16,158.18364,0
2003-06-17,152.31136,0
2003-06-18,147.98453999999998,0
2003-06-19,147.98453999999998,0
2003-06-20,141.87498,0
2003-06-21,212.88554,0
2003-06-22,290.0,0
2003-06-23,263.67114,0
2003-06-24,396.96585,0
2003-06-25,329.32965,0
2003-06-26,200.0347,0
2003-06-27,593.27527,0
2003-06-28,494.0901,0
2003-06-29,494.0901,0
2003-06-30,632.9798599999999,0
2003-07-01,2685.1418,0
2003-07-02,1352.946,0
2003-07-03,1175.5874,0
2003-07-04,1276.2731,0
2003-07-05,1056.6686,0
2003-07-06,1030.0,0
2003-07-07,1160.7449,0
2003-07-08,2229.198,0
2003-07-09,1540.8792,0
2003-07-10,1280.0387,0
2003-07-11,1081.2997,0
2003-07-12,1084.4316,0
2003-07-13,1080.0,0
2003-07-14,743.65393,0
2003-07-15,737.65216,0
2003-07-16,630.1297,0
2003-07-17,720.06085,0
2003-07-18,862.73724,0
2003-07-19,641.9906,0
2003-07-20,840.0,0
2003-07-21,764.4437,0
2003-07-22,691.3131,0
2003-07-23,520.3094,0
2003-07-24,393.9701,0
2003-07-25,510.0218,0
2003-07-26,369.14514,0
2003-07-27,1540.0,0
2003-07-28,694.02264,0
2003-07-29,897.1554,0
2003-07-30,841.3662,0
2003-07-31,872.22504,0
2003-08-01,817.63214,0
2003-08-02,628.0831,0
2003-08-03,980.0,0
2003-08-04,494.01822,0
2003-08-05,435.4003,0
2003-08-06,453.2129,0
2003-08-07,403.6272,0
2003-08-08,553.38165,0
2003-08-09,469.6521,0
2003-08-10,500.0,0
2003-08-11,674.2330000000001,0
2003-08-12,556.98926,0
2003-08-13,414.69495,0
2003-08-14,376.25302,0
2003-08-15,392.0,0
2003-08-16,319.53333,0
2003-08-17,323.0,0
2003-08-18,487.16122,0
2003-08-19,482.60843,0
2003-08-20,537.1664,0
2003-08-21,457.40414,0
2003-08-22,401.57654,0
2003-08-23,789.3844,0
2003-08-24,1080.0,0
2003-08-25,512.32825,0
2003-08-26,455.49237,0
2003-08-27,478.74493,0
2003-08-28,427.85278,0
2003-08-29,363.42587,0
2003-08-30,382.5224,0
2003-08-31,660.0,0
2003-09-01,337.307,0
2003-09-02,600.45886,0
2003-09-03,480.52557,0
2003-09-04,455.0610400000001,0
2003-09-05,782.4656,0
2003-09-06,576.7864,0
2003-09-07,620.0,0
2003-09-08,320.59268,0
2003-09-09,313.12485,0
2003-09-10,308.38925,0
2003-09-11,315.81845,0
2003-09-12,285.3317,0
2003-09-13,488.40833,0
2003-09-14,428.0,0
2003-09-15,518.5768,0
2003-09-16,613.23224,0
2003-09-17,462.8158,0
2003-09-18,332.3089,0
2003-09-19,306.24908,0
2003-09-20,466.41837,0
2003-09-21,390.0,0
2003-09-22,283.7208,0
2003-09-23,282.992,0
2003-09-24,237.50108,0
2003-09-25,257.578,0
2003-09-26,227.24092,0
2003-09-27,214.4645,0
2003-09-28,212.0,0
2003-09-29,210.96051,0
2003-09-30,206.60858,0
2003-10-01,212.4989,0
2003-10-02,213.0,0
2003-10-03,213.22766,0
2003-10-04,200.0,0
2003-10-05,190.0,0
2003-10-06,183.6157,0
2003-10-07,170.16098,0
2003-10-08,166.03738,0
2003-10-09,171.93817,0
2003-10-10,492.50217,0
2003-10-11,275.95886,0
2003-10-12,480.0,0
2003-10-13,185.96718,0
2003-10-14,166.19833,0
2003-10-15,143.61041,0
2003-10-16,135.59143,0
2003-10-17,140.25136,0
2003-10-18,137.04048,0
2003-10-19,175.0,0
2003-10-20,171.18048000000002,0
2003-10-21,161.20958000000002,0
2003-10-22,152.7498,0
2003-10-23,152.97183,0
2003-10-24,149.60187,0
2003-10-25,204.0,0
2003-10-26,223.0,0
2003-10-27,231.1573,0
2003-10-28,214.6702,0
2003-10-29,205.50645,0
2003-10-30,189.745,0
2003-10-31,183.72366,0
2003-11-01,172.34894,0
2003-11-02,175.0,0
2003-11-03,168.64105,0
2003-11-04,172.29237,0
2003-11-05,164.67786999999998,0
2003-11-06,169.56728,0
2003-11-07,155.46498,0
2003-11-08,155.0,0
2003-11-09,153.0,0
2003-11-10,153.50398,0
2003-11-11,150.74557,0
2003-11-12,147.56541,0
2003-11-13,138.61131,0
2003-11-14,141.24004,0
2003-11-15,105.097855,0
2003-11-16,103.0,0
2003-11-17,105.36578,0
2003-11-18,99.51503,0
2003-11-19,103.70903,0
2003-11-20,102.074165,0
2003-11-21,99.95695,0
2003-11-22,102.0667,0
2003-11-23,102.0,0
2003-11-24,103.71861,0
2003-11-25,101.46171,0
2003-11-26,100.0,0
2003-11-27,89.675354,0
2003-11-28,91.85255,0
2003-11-29,89.50164000000001,0
2003-11-30,85.0,0
2003-12-01,89.08221999999999,0
2003-12-02,86.2292,0
2003-12-03,84.33954,0
2003-12-04,89.96531,0
2003-12-05,89.99769599999999,0
2003-12-06,86.85009000000001,0
2003-12-07,83.0,0
2003-12-08,80.26388,0
2003-12-09,79.03586999999999,0
2003-12-10,71.81656,0
2003-12-11,70.00349399999999,0
2003-12-12,69.20411999999999,0
2003-12-13,67.69144,0
2003-12-14,66.0,0
2003-12-15,66.35616,0
2003-12-16,64.955635,0
2003-12-17,63.577830000000006,0
2003-12-18,62.44263,0
2003-12-19,61.746803,0
2003-12-20,60.78867,0
2003-12-21,60.0,0
2003-12-22,59.342587,0
2003-12-23,57.831116,0
2003-12-24,49.235786,0
2003-12-25,48.0,0
2003-12-26,47.85863,0
2003-12-27,46.493767,0
2003-12-28,46.0,0
2003-12-29,45.614693,0
2003-12-30,48.48898,0
2003-12-31,47.47999,0
2004-01-01,46.511837,0
2004-01-02,45.091637,0
2004-01-03,43.442303,0
2004-01-04,43.0,0
2004-01-05,42.178688,0
2004-01-06,42.20609,0
2004-01-07,41.337822,0
2004-01-08,40.572056,0
2004-01-09,39.7099,0
2004-01-10,38.494556,0
2004-01-11,38.0,0
2004-01-12,37.52924,0
2004-01-13,36.962673,0
2004-01-14,37.02348,0
2004-01-15,37.0,0
2004-01-16,36.341705,0
2004-01-17,35.947742,0
2004-01-18,35.0,0
2004-01-19,35.31269,0
2004-01-20,35.05011,0
2004-01-21,34.186913,0
2004-01-22,34.002552,0
2004-01-23,33.106334999999994,0
2004-01-24,33.757343,0
2004-01-25,34.0,0
2004-01-26,34.0,0
2004-01-27,34.378433,0
2004-01-28,36.77535,0
2004-01-29,34.696659999999994,0
2004-01-30,32.996185,0
2004-01-31,31.584967,0
2004-02-01,31.0,0
2004-02-02,31.0,0
2004-02-03,30.990921000000004,0
2004-02-04,27.522158,0
2004-02-05,27.721352000000003,0
2004-02-06,27.58728,0
2004-02-07,27.312826,0
2004-02-08,27.0,0
2004-02-09,26.696068,0
2004-02-10,26.6671,0
2004-02-11,25.992966,0
2004-02-12,25.426062,0
2004-02-13,25.17061,0
2004-02-14,24.409798,0
2004-02-15,24.0,0
2004-02-16,24.265718,0
2004-02-17,24.119736,0
2004-02-18,24.251827,0
2004-02-19,23.716742,0
2004-02-20,23.637426,0
2004-02-21,24.577717,0
2004-02-22,24.0,0
2004-02-23,25.766582,0
2004-02-24,27.18661,0
2004-02-25,28.18017,0
2004-02-26,27.119953,0
2004-02-27,25.93886,0
2004-02-28,25.878754,0
2004-02-29,31.0,0
2004-03-01,32.473526,0
2004-03-02,30.0,0
2004-03-03,28.969040000000003,0
2004-03-04,27.346136,0
2004-03-05,25.788332,0
2004-03-06,25.608555,0
2004-03-07,25.0,0
2004-03-08,24.58827,0
2004-03-09,23.627264,0
2004-03-10,22.068083,0
2004-03-11,38.400326,1
2004-03-12,31.582586,0
2004-03-13,30.064953000000003,0
2004-03-14,30.0,0
2004-03-15,29.5827,0
2004-03-16,29.32129,0
2004-03-17,29.46626,0
2004-03-18,27.723957,0
2004-03-19,27.952827000000003,0
2004-03-20,30.084347,0
2004-03-21,32.0,0
2004-03-22,61.06224,0
2004-03-23,49.57403,0
2004-03-24,46.34817,0
2004-03-25,42.249344,0
2004-03-26,40.38321,0
2004-03-27,33.809612,0
2004-03-28,33.0,0
2004-03-29,31.405027,0
2004-03-30,27.403418,0
2004-03-31,26.556087,0
2004-04-01,27.19282,0
2004-04-02,26.037203,0
2004-04-03,26.0,0
2004-04-04,36.0,0
2004-04-05,37.931324,0
2004-04-06,33.378574,0
2004-04-07,34.797073,0
2004-04-08,33.74295,0
2004-04-09,34.0,0
2004-04-10,54.13544,0
2004-04-11,29.0,0
2004-04-12,47.631927000000005,0
2004-04-13,70.0,0
2004-04-14,63.179832,0
2004-04-15,96.12018,0
2004-04-16,91.31209,0
2004-04-17,85.50575,0
2004-04-18,87.0,0
2004-04-19,72.854225,0
2004-04-20,63.527443000000005,0
2004-04-21,59.78994,0
2004-04-22,66.98116999999999,0
2004-04-23,96.95299,0
2004-04-24,118.254745,0
2004-04-25,115.0,0
2004-04-26,110.571556,0
2004-04-27,82.45257,0
2004-04-28,58.308064,0
2004-04-29,62.58438,0
2004-04-30,56.938263,0
2004-05-01,54.34320400000001,0
2004-05-02,53.0,0
2004-05-03,52.0,0
2004-05-04,51.0,0
2004-05-05,50.446907,0
2004-05-06,48.91212,0
2004-05-07,47.03209,0
2004-05-08,44.865936,0
2004-05-09,48.0,0
2004-05-10,45.0,0
2004-05-11,137.15153999999998,0
2004-05-12,143.9415,0
2004-05-13,126.05528,0
2004-05-14,251.79762,0
2004-05-15,398.39594,0
2004-05-16,222.0,0
2004-05-17,207.96751,0
2004-05-18,201.02919,0
2004-05-19,215.73657000000003,0
2004-05-20,224.34904,0
2004-05-21,219.30577,0
2004-05-22,211.9962,0
2004-05-23,250.0,0
2004-05-24,247.10396,0
2004-05-25,239.01259,0
2004-05-26,224.87915,0
2004-05-27,164.6914,0
2004-05-28,160.44759,0
2004-05-29,148.4224,0
2004-05-30,149.0,0
2004-05-31,145.55455,0
2004-06-01,136.6122,0
2004-06-02,134.90422,0
2004-06-03,133.95901,0
2004-06-04,152.24118,0
2004-06-05,148.43263000000002,0
2004-06-06,135.0,0
2004-06-07,163.17103999999998,0
2004-06-08,173.77817,0
2004-06-09,160.06083999999998,0
2004-06-10,149.23131,0
2004-06-11,139.63591,0
2004-06-12,147.38675,0
2004-06-13,190.0,0
2004-06-14,173.43083,0
2004-06-15,190.5745,0
2004-06-16,207.26352,0
2004-06-17,270.8519,0
2004-06-18,308.45453,0
2004-06-19,289.9088,0
2004-06-20,367.0,0
2004-06-21,327.82104,0
2004-06-22,387.65195,0
2004-06-23,533.7705,0
2004-06-24,379.58307,0
2004-06-25,343.3761,0
2004-06-26,459.49493,0
2004-06-27,469.0,0
2004-06-28,396.9241,0
2004-06-29,440.66763,0
2004-06-30,371.97528,0
2004-07-01,482.6267,0
2004-07-02,379.6591,0
2004-07-03,404.88858,0
2004-07-04,414.0,0
2004-07-05,497.81808,0
2004-07-06,392.73825,0
2004-07-07,657.4747,0
2004-07-08,815.7284,0
2004-07-09,602.1908599999999,0
2004-07-10,774.9697,0
2004-07-11,1326.0,0
2004-07-12,1137.9921,0
2004-07-13,887.64734,0
2004-07-14,462.07254000000006,0
2004-07-15,445.49300000000005,0
2004-07-16,467.80048,0
2004-07-17,1062.5273,0
2004-07-18,1300.0,0
2004-07-19,1259.5629,0
2004-07-20,1514.2126,0
2004-07-21,1030.1946,0
2004-07-22,1047.9047,0
2004-07-23,722.6342,0
2004-07-24,703.5679299999999,0
2004-07-25,732.0,0
2004-07-26,693.38873,0
2004-07-27,655.4931,0
2004-07-28,690.3738400000001,0
2004-07-29,669.2275,0
2004-07-30,613.2692,0
2004-07-31,587.59326,0
2004-08-01,541.0,0
2004-08-02,582.4010599999999,0
2004-08-03,523.1585,0
2004-08-04,546.1415400000001,0
2004-08-05,542.7483,0
2004-08-06,549.88464,0
2004-08-07,478.92606,0
2004-08-08,475.0,0
2004-08-09,500.18546,0
2004-08-10,441.05685,0
2004-08-11,424.98282,0
2004-08-12,352.62994,0
2004-08-13,346.31326,0
2004-08-14,326.87433,0
2004-08-15,306.0,0
2004-08-16,308.8363,0
2004-08-17,293.82632,0
2004-08-18,307.85873,0
2004-08-19,300.18466,0
2004-08-20,288.49045,0
2004-08-21,321.63647000000003,0
2004-08-22,253.0,0
2004-08-23,246.67831,0
2004-08-24,241.14587000000003,0
2004-08-25,264.86118,0
2004-08-26,299.9827,0
2004-08-27,358.7522,0
2004-08-28,413.93344,0
2004-08-29,378.0,0
2004-08-30,373.40872,0
2004-08-31,302.04617,0
2004-09-01,289.5361,0
2004-09-02,266.8777,0
2004-09-03,280.80078,0
2004-09-04,277.2265,0
2004-09-05,280.0,0
2004-09-06,255.78067,0
2004-09-07,288.40283,0
2004-09-08,272.6723,0
2004-09-09,265.55014,0
2004-09-10,252.92249,0
2004-09-11,246.7943,0
2004-09-12,270.0,0
2004-09-13,238.17224,0
2004-09-14,225.4713,0
2004-09-15,209.54163,0
2004-09-16,208.87325,0
2004-09-17,204.81538,0
2004-09-18,198.97783,0
2004-09-19,225.0,0
2004-09-20,204.38454,0
2004-09-21,194.96574,0
2004-09-22,190.08606,0
2004-09-23,200.28157,0
2004-09-24,213.60922,0
2004-09-25,207.31696,0
2004-09-26,207.0,0
2004-09-27,200.21373,0
2004-09-28,176.924,0
2004-09-29,198.54309,0
2004-09-30,191.53583,0
2004-10-01,169.05557,0
2004-10-02,156.0,0
2004-10-03,164.0,0
2004-10-04,192.12538,0
2004-10-05,228.53358,0
2004-10-06,261.15833,0
2004-10-07,244.8463,0
2004-10-08,341.9017,0
2004-10-09,317.34708,0
2004-10-10,249.0,0
2004-10-11,214.90945,0
2004-10-12,203.90004,0
2004-10-13,198.88478,0
2004-10-14,184.24097,0
2004-10-15,177.01065,0
2004-10-16,175.3441,0
2004-10-17,153.0,0
2004-10-18,129.67549,0
2004-10-19,122.50514,0
2004-10-20,122.4642,0
2004-10-21,119.0,0
2004-10-22,116.0,0
2004-10-23,113.76896,0
2004-10-24,113.0,0
2004-10-25,112.08662,0
2004-10-26,110.336205,0
2004-10-27,105.10981,0
2004-10-28,102.75596,0
2004-10-29,100.87663,0
2004-10-30,99.510376,0
2004-10-31,99.0,0
2004-11-01,98.23506,0
2004-11-02,97.15716,0
2004-11-03,95.23498,0
2004-11-04,90.8866,0
2004-11-05,85.688896,0
2004-11-06,84.18469,0
2004-11-07,83.0,0
2004-11-08,83.503815,0
2004-11-09,87.18196999999999,0
2004-11-10,84.67904,0
2004-11-11,83.43924,0
2004-11-12,83.0,0
2004-11-13,81.92393,0
2004-11-14,81.0,0
2004-11-15,80.0,0
2004-11-16,79.32073000000001,0
2004-11-17,78.12671,0
2004-11-18,64.22729,0
2004-11-19,63.10090600000001,0
2004-11-20,64.2495,0
2004-11-21,60.0,0
2004-11-22,59.862373,0
2004-11-23,59.997574,0
2004-11-24,60.041126,0
2004-11-25,58.60593000000001,0
2004-11-26,54.0,0
2004-11-27,55.43238,0
2004-11-28,55.0,0
2004-11-29,54.239235,0
2004-11-30,52.850643000000005,0
2004-12-01,51.41949,0
2004-12-02,54.234173,0
2004-12-03,54.281456000000006,0
2004-12-04,52.725277,0
2004-12-05,52.0,0
2004-12-06,50.690548,0
2004-12-07,52.139587,0
2004-12-08,51.44863,0
2004-12-09,50.36148,0
2004-12-10,49.08018,0
2004-12-11,47.988003000000006,0
2004-12-12,46.0,0
2004-12-13,44.91803,0
2004-12-14,43.31853,0
2004-12-15,42.229244,0
2004-12-16,41.59325,0
2004-12-17,41.227062,0
2004-12-18,42.83189,0
2004-12-19,42.0,0
2004-12-20,41.92148,0
2004-12-21,44.919106,0
2004-12-22,42.614906,0
2004-12-23,40.99313,0
2004-12-24,40.084114,0
2004-12-25,40.0,0
2004-12-26,39.0,0
2004-12-27,38.80063,0
2004-12-28,37.97443,0
2004-12-29,37.192623,0
2004-12-30,38.149334,0
2004-12-31,37.91951,0
2005-01-01,38.485916,0
2005-01-02,38.0,0
2005-01-03,37.417023,0
2005-01-04,36.827023,0
2005-01-05,35.869663,0
2005-01-06,35.331665,0
2005-01-07,34.680973,0
2005-01-08,33.795466999999995,0
2005-01-09,34.0,0
2005-01-10,34.467327000000004,0
2005-01-11,38.323532,0
2005-01-12,39.832764000000005,0
2005-01-13,38.721107,0
2005-01-14,38.822044,0
2005-01-15,38.123188,0
2005-01-16,38.0,0
2005-01-17,37.76453,0
2005-01-18,38.213264,0
2005-01-19,33.477276,0
2005-01-20,39.404488,0
2005-01-21,38.0,0
2005-01-22,34.00217,0
2005-01-23,34.0,0
2005-01-24,40.90424,0
2005-01-25,36.34118,0
2005-01-26,36.0,0
2005-01-27,35.57499,0
2005-01-28,34.899467,0
2005-01-29,34.144283,0
2005-01-30,34.0,0
2005-01-31,33.250294,0
2005-02-01,34.25947,0
2005-02-02,36.561085,0
2005-02-03,34.16507,0
2005-02-04,34.970543,0
2005-02-05,27.140047,0
2005-02-06,27.25,0
2005-02-07,27.316282,0
2005-02-08,27.638556,0
2005-02-09,26.821508,0
2005-02-10,27.304302000000003,0
2005-02-11,27.215706,0
2005-02-12,26.668673,0
2005-02-13,27.7,0
2005-02-14,27.669647,0
2005-02-15,28.027666,0
2005-02-16,27.19865,0
2005-02-17,26.711283,0
2005-02-18,27.12172,0
2005-02-19,25.138472,0
2005-02-20,24.9,0
2005-02-21,24.707592,0
2005-02-22,24.270418,0
2005-02-23,25.282831,0
2005-02-24,24.26705,0
2005-02-25,23.955856,0
2005-02-26,23.877829,0
2005-02-27,24.4,0
2005-02-28,24.400515,0
2005-03-01,28.556816,0
2005-03-02,27.573248,0
2005-03-03,31.435154,0
2005-03-04,31.072712,0
2005-03-05,29.775482,0
2005-03-06,29.8,0
2005-03-07,30.479565,0
2005-03-08,28.713263,0
2005-03-09,30.777397,0
2005-03-10,28.388514,0
2005-03-11,27.893082,0
2005-03-12,28.44095,0
2005-03-13,28.4,0
2005-03-14,27.27509,0
2005-03-15,24.80367,0
2005-03-16,24.271648000000003,0
2005-03-17,24.184336,0
2005-03-18,23.542059,0
2005-03-19,30.493734000000003,0
2005-03-20,27.0,0
2005-03-21,37.364555,1
2005-03-22,37.778220000000005,0
2005-03-23,36.11013,0
2005-03-24,37.087852000000005,0
2005-03-25,50.7,0
2005-03-26,36.45,0
2005-03-27,34.0,0
2005-03-28,33.378887,0
2005-03-29,32.714355,0
2005-03-30,33.471535,0
2005-03-31,33.86393,0
2005-04-01,39.40126,0
2005-04-02,36.87836,0
2005-04-03,36.8,0
2005-04-04,33.655266,0
2005-04-05,32.898037,0
2005-04-06,32.1929,0
2005-04-07,34.55526,0
2005-04-08,38.84137,0
2005-04-09,37.717613,0
2005-04-10,66.94,0
2005-04-11,49.4062,0
2005-04-12,47.051083,0
2005-04-13,44.76789,0
2005-04-14,44.8,0
2005-04-15,46.7,0
2005-04-16,49.960472,0
2005-04-17,51.5,0
2005-04-18,64.2,0
2005-04-19,64.97509000000001,0
2005-04-20,63.643055,0
2005-04-21,58.555023,0
2005-04-22,49.7,0
2005-04-23,48.394764,0
2005-04-24,75.3,0
2005-04-25,68.800934,0
2005-04-26,76.09796999999999,0
2005-04-27,80.11044,0
2005-04-28,79.26231,0
2005-04-29,75.37436,0
2005-04-30,78.03336,0
2005-05-01,93.0,0
2005-05-02,75.42336999999999,0
2005-05-03,72.043625,0
2005-05-04,68.95174,0
2005-05-05,71.330536,0
2005-05-06,69.26171,0
2005-05-07,68.96457,0
2005-05-08,74.0,0
2005-05-09,72.97505,0
2005-05-10,78.06998,0
2005-05-11,104.26032,0
2005-05-12,96.829384,0
2005-05-13,89.7698,0
2005-05-14,94.96264,0
2005-05-15,102.0,0
2005-05-16,92.61163,0
2005-05-17,92.52112,0
2005-05-18,96.77886,0
2005-05-19,93.831764,0
2005-05-20,108.477875,0
2005-05-21,125.36444,0
2005-05-22,97.0,0
2005-05-23,93.0,0
2005-05-24,136.45422,0
2005-05-25,144.75647,0
2005-05-26,136.55058,0
2005-05-27,128.05882,0
2005-05-28,127.30907,0
2005-05-29,121.0,0
2005-05-30,122.24516,0
2005-05-31,108.02232,0
2005-06-01,101.92702,0
2005-06-02,98.103355,0
2005-06-03,89.33224,0
2005-06-04,103.61318,0
2005-06-05,107.6,0
2005-06-06,72.12613,0
2005-06-07,69.68748000000001,0
2005-06-08,65.2801,0
2005-06-09,80.01212,0
2005-06-10,73.97798,0
2005-06-11,77.1711,0
2005-06-12,103.0,0
2005-06-13,75.52859000000001,0
2005-06-14,67.18812,0
2005-06-15,80.45384,0
2005-06-16,73.78750600000001,0
2005-06-17,77.556885,0
2005-06-18,111.66751,0
2005-06-19,128.0,0
2005-06-20,134.16441,0
2005-06-21,93.873276,0
2005-06-22,89.60689,0
2005-06-23,87.881485,0
2005-06-24,85.43908,0
2005-06-25,98.88147,0
2005-06-26,120.0,0
2005-06-27,99.65413,0
2005-06-28,90.58113,0
2005-06-29,106.58826,0
2005-06-30,159.01762,0
2005-07-01,202.53098,0
2005-07-02,248.31223,0
2005-07-03,280.0,0
2005-07-04,187.24908,0
2005-07-05,218.55693,0
2005-07-06,173.88855,0
2005-07-07,159.24916000000002,0
2005-07-08,168.12485,0
2005-07-09,231.59001,0
2005-07-10,355.0,0
2005-07-11,230.73285,0
2005-07-12,296.5257,0
2005-07-13,311.15137000000004,0
2005-07-14,287.80344,0
2005-07-15,280.09692,0
2005-07-16,449.48056,0
2005-07-17,555.0,0
2005-07-18,1741.9312,0
2005-07-19,1751.8418,0
2005-07-20,1497.6919,0
2005-07-21,1184.6896,0
2005-07-22,916.75244,0
2005-07-23,750.36255,0
2005-07-24,760.0,0
2005-07-25,469.87277,0
2005-07-26,519.641,0
2005-07-27,487.13782,0
2005-07-28,417.52933,0
2005-07-29,382.88358,0
2005-07-30,322.92508,0
2005-07-31,400.0,0
2005-08-01,234.27066,0
2005-08-02,240.00163,0
2005-08-03,237.93576,0
2005-08-04,282.5436,0
2005-08-05,230.01837,0
2005-08-06,260.0468,0
2005-08-07,1154.0,0
2005-08-08,785.5437,0
2005-08-09,647.7126,0
2005-08-10,427.92294,0
2005-08-11,408.79987,0
2005-08-12,601.6514,0
2005-08-13,563.4487,0
2005-08-14,750.0,0
2005-08-15,760.0,0
2005-08-16,619.48914,0
2005-08-17,530.24243,0
2005-08-18,495.3988,0
2005-08-19,422.16318,0
2005-08-20,512.4717400000001,0
2005-08-21,640.0,0
2005-08-22,497.1806,0
2005-08-23,548.76416,0
2005-08-24,656.0928,0
2005-08-25,428.02887,0
2005-08-26,473.91992,0
2005-08-27,457.1930200000001,0
2005-08-28,588.0,0
2005-08-29,518.7121599999999,0
2005-08-30,413.75095,0
2005-08-31,399.1574700000001,0
2005-09-01,268.377,0
2005-09-02,314.62653,0
2005-09-03,289.79752,0
2005-09-04,316.0,0
2005-09-05,247.6421,0
2005-09-06,244.51714,0
2005-09-07,226.89978,0
2005-09-08,214.68597000000003,0
2005-09-09,200.84854,0
2005-09-10,212.31494,0
2005-09-11,200.0,0
2005-09-12,185.18658,0
2005-09-13,179.99612,0
2005-09-14,165.08092,0
2005-09-15,159.40936000000002,0
2005-09-16,154.28153999999998,0
2005-09-17,153.1085,0
2005-09-18,150.0,0
2005-09-19,144.3117,0
2005-09-20,135.95619,0
2005-09-21,147.43576000000002,0
2005-09-22,179.18706,0
2005-09-23,183.02357,0
2005-09-24,183.44168,0
2005-09-25,196.0,0
2005-09-26,328.11844,0
2005-09-27,233.26074,0
2005-09-28,175.63898999999998,0
2005-09-29,152.19395,0
2005-09-30,277.248,0
2005-10-01,177.93761999999998,0
2005-10-02,170.0,0
2005-10-03,168.40884,0
2005-10-04,175.30968,0
2005-10-05,316.88934,0
2005-10-06,272.84015,0
2005-10-07,229.24725,0
2005-10-08,174.17563,0
2005-10-09,168.0,0
2005-10-10,160.1793,0
2005-10-11,153.81372,0
2005-10-12,149.0,0
2005-10-13,141.44316,0
2005-10-14,121.97466,0
2005-10-15,104.98617,0
2005-10-16,103.0,0
2005-10-17,99.21712,0
2005-10-18,97.41552,0
2005-10-19,99.71236,0
2005-10-20,124.0669,0
2005-10-21,120.095116,0
2005-10-22,330.607,0
2005-10-23,196.0,0
2005-10-24,207.7986,0
2005-10-25,188.4539,0
2005-10-26,168.44638,0
2005-10-27,128.69911000000002,0
2005-10-28,121.70578,0
2005-10-29,138.96296999999998,0
2005-10-30,126.0,0
2005-10-31,122.579475,0
2005-11-01,116.6,0
2005-11-02,113.63698,0
2005-11-03,108.54575,0
2005-11-04,109.0,0
2005-11-05,110.75865,0
2005-11-06,114.5,0
2005-11-07,120.0941,0
2005-11-08,114.924446,0
2005-11-09,115.36592,0
2005-11-10,111.7245,0
2005-11-11,109.30765,0
2005-11-12,103.73949,0
2005-11-13,101.8,0
2005-11-14,99.85037,0
2005-11-15,91.02,0
2005-11-16,91.021866,0
2005-11-17,90.54572,0
2005-11-18,88.2607,0
2005-11-19,88.25887,0
2005-11-20,88.26,0
2005-11-21,82.47053000000001,0
2005-11-22,85.33511,0
2005-11-23,93.1946,0
2005-11-24,90.6857,0
2005-11-25,92.17156,0
2005-11-26,86.79883000000001,0
2005-11-27,83.95,0
2005-11-28,82.51698,0
2005-11-29,78.55631,0
2005-11-30,68.96842,0
2005-12-01,77.2612,0
2005-12-02,75.42998,0
2005-12-03,75.20985999999999,0
2005-12-04,66.0,0
2005-12-05,73.132324,0
2005-12-06,68.14887,0
2005-12-07,67.074066,0
2005-12-08,68.13877,0
2005-12-09,59.401924,0
2005-12-10,60.43337,0
2005-12-11,59.3,0
2005-12-12,59.488262,0
2005-12-13,58.407017,0
2005-12-14,59.190388,0
2005-12-15,56.693188,0
2005-12-16,57.2993,0
2005-12-17,56.362793,0
2005-12-18,53.8,0
2005-12-19,55.362015,0
2005-12-20,53.829838,0
2005-12-21,53.12266999999999,0
2005-12-22,51.294346,0
2005-12-23,51.32378,0
2005-12-24,49.842224,0
2005-12-25,43.9,0
2005-12-26,43.931377000000005,0
2005-12-27,43.439713,0
2005-12-28,44.218403,0
2005-12-29,43.85396,0
2005-12-30,46.159,0
2005-12-31,42.76268,0
2006-01-01,41.963467,0
2006-01-02,42.81992,0
2006-01-03,42.6782,0
2006-01-04,41.716988,0
2006-01-05,41.697853,0
2006-01-06,41.489525,0
2006-01-07,40.7808,0
2006-01-08,40.0,0
2006-01-09,39.654552,0
2006-01-10,35.80427,0
2006-01-11,36.0,0
2006-01-12,35.020309999999995,0
2006-01-13,34.716557,0
2006-01-14,34.26437,0
2006-01-15,34.0,0
2006-01-16,34.205055,0
2006-01-17,32.558409999999995,0
2006-01-18,32.846703000000005,0
2006-01-19,33.759377,0
2006-01-20,32.092216,0
2006-01-21,31.075440000000004,0
2006-01-22,31.0,0
2006-01-23,30.879602,0
2006-01-24,30.449272,0
2006-01-25,29.704233,0
2006-01-26,29.0,0
2006-01-27,29.077688,0
2006-01-28,29.105984000000003,0
2006-01-29,28.5,0
2006-01-30,28.340326,0
2006-01-31,28.296053000000004,0
2006-02-01,28.168184000000004,0
2006-02-02,27.784885,0
2006-02-03,27.784866,0
2006-02-04,28.971441,0
2006-02-05,28.9,0
2006-02-06,27.776333,0
2006-02-07,27.569372,0
2006-02-08,27.150732,0
2006-02-09,27.0,0
2006-02-10,27.204157,0
2006-02-11,26.644361,0
2006-02-12,26.0,0
2006-02-13,26.011253,0
2006-02-14,26.408932,0
2006-02-15,26.385017,0
2006-02-16,26.00437,0
2006-02-17,27.244997,0
2006-02-18,26.325275,0
2006-02-19,25.0,0
2006-02-20,26.223553000000003,0
2006-02-21,26.018248,0
2006-02-22,25.720316,0
2006-02-23,24.918112,0
2006-02-24,25.696308,0
2006-02-25,25.393585,0
2006-02-26,25.3,0
2006-02-27,25.285439,0
2006-02-28,25.060522,0
2006-03-01,24.465662,0
2006-03-02,24.266619,0
2006-03-03,24.048199,0
2006-03-04,23.51091,0
2006-03-05,24.0,0
2006-03-06,23.300962,0
2006-03-07,23.367332,0
2006-03-08,23.012905,0
2006-03-09,22.212833,0
2006-03-10,21.32633,0
2006-03-11,21.718721,0
2006-03-12,24.0,0
2006-03-13,23.940224,0
2006-03-14,23.130188,0
2006-03-15,23.0,0
2006-03-16,23.445812,0
2006-03-17,24.174335,0
2006-03-18,24.805462,0
2006-03-19,24.0,0
2006-03-20,23.062094,0
2006-03-21,22.91813,0
2006-03-22,23.496075,0
2006-03-23,24.302507,0
2006-03-24,25.161144,0
2006-03-25,24.946896,0
2006-03-26,25.0,0
2006-03-27,25.277699,0
2006-03-28,24.513454,0
2006-03-29,23.7844,0
2006-03-30,23.244244,0
2006-03-31,23.147888,0
2006-04-01,23.586563,0
2006-04-02,24.0,0
2006-04-03,23.93992,0
2006-04-04,23.495447,0
2006-04-05,48.517117,1
2006-04-06,53.482758,0
2006-04-07,56.08566,0
2006-04-08,45.855076,0
2006-04-09,46.0,0
2006-04-10,42.795483,0
2006-04-11,43.0,0
2006-04-12,44.29585,0
2006-04-13,43.69557,0
2006-04-14,45.0,0
2006-04-15,37.39203,0
2006-04-16,40.0,0
2006-04-17,38.722065,0
2006-04-18,44.094112,0
2006-04-19,61.612118,0
2006-04-20,54.55349,0
2006-04-21,47.210335,0
2006-04-22,43.111588,0
2006-04-23,52.0,0
2006-04-24,45.197926,0
2006-04-25,45.096573,0
2006-04-26,44.996887,0
2006-04-27,48.587284,0
2006-04-28,53.586876,0
2006-04-29,52.113476,0
2006-04-30,50.0,0
2006-05-01,49.82495,0
2006-05-02,52.518875,0
2006-05-03,81.92815,0
2006-05-04,72.32301,0
2006-05-05,77.049706,0
2006-05-06,75.9559,0
2006-05-07,71.0,0
2006-05-08,70.64515,0
2006-05-09,68.62193,0
2006-05-10,75.25458499999999,0
2006-05-11,82.89174,0
2006-05-12,83.4196,0
2006-05-13,125.0,0
2006-05-14,92.0,0
2006-05-15,81.08361,0
2006-05-16,76.70831,0
2006-05-17,74.56576,0
2006-05-18,69.06464,0
2006-05-19,61.678642,0
2006-05-20,75.39386,0
2006-05-21,70.0,0
2006-05-22,70.123566,0
2006-05-23,62.376167,0
2006-05-24,59.49205799999999,0
2006-05-25,96.78268,0
2006-05-26,105.66434,0
2006-05-27,149.22873,0
2006-05-28,313.0,0
2006-05-29,543.5318599999999,0
2006-05-30,220.78758,0
2006-05-31,205.20593,0
2006-06-01,239.31575,0
2006-06-02,413.98868,0
2006-06-03,231.22002,0
2006-06-04,204.0,0
2006-06-05,192.53632,0
2006-06-06,213.2311,0
2006-06-07,208.01364,0
2006-06-08,249.02397,0
2006-06-09,257.11862,0
2006-06-10,249.80765,0
2006-06-11,436.0,0
2006-06-12,685.9978,0
2006-06-13,351.58414,0
2006-06-14,331.24924,0
2006-06-15,234.08821,0
2006-06-16,195.89932,0
2006-06-17,197.2543,0
2006-06-18,187.0,0
2006-06-19,183.61714,0
2006-06-20,171.38966000000002,0
2006-06-21,167.79155,0
2006-06-22,182.57382,0
2006-06-23,182.53027,0
2006-06-24,298.52234,0
2006-06-25,245.0,0
2006-06-26,299.5963,0
2006-06-27,384.74597,0
2006-06-28,387.89398,0
2006-06-29,352.87036,0
2006-06-30,321.15695,0
2006-07-01,303.2041,0
2006-07-02,299.0,0
2006-07-03,295.46307,0
2006-07-04,312.90652,0
2006-07-05,292.7701,0
2006-07-06,265.0481,0
2006-07-07,331.71533,0
2006-07-08,362.3447,0
2006-07-09,346.0,0
2006-07-10,324.01605,0
2006-07-11,333.0647,0
2006-07-12,365.7309,0
2006-07-13,330.09836,0
2006-07-14,423.00137,0
2006-07-15,460.11386,0
2006-07-16,480.0,0
2006-07-17,394.06522,0
2006-07-18,438.2808,0
2006-07-19,452.7616,0
2006-07-20,504.86078,0
2006-07-21,545.11365,0
2006-07-22,548.41394,0
2006-07-23,455.0,0
2006-07-24,472.4734,0
2006-07-25,441.41125,0
2006-07-26,582.42444,0
2006-07-27,434.42737,0
2006-07-28,420.84122,0
2006-07-29,385.15277,0
2006-07-30,380.0,0
2006-07-31,324.65887000000004,0
2006-08-01,318.39673,0
2006-08-02,389.90555,0
2006-08-03,438.36276,0
2006-08-04,502.67407,0
2006-08-05,632.2040400000001,0
2006-08-06,546.0,0
2006-08-07,458.77286,0
2006-08-08,482.9525,0
2006-08-09,411.56796,0
2006-08-10,405.45532,0
2006-08-11,347.8969,0
2006-08-12,335.15994,0
2006-08-13,340.0,0
2006-08-14,315.29272000000003,0
2006-08-15,321.0,0
2006-08-16,304.0,0
2006-08-17,279.6855,0
2006-08-18,287.77747,0
2006-08-19,308.6581,0
2006-08-20,293.0,0
2006-08-21,300.7919,0
2006-08-22,318.92413,0
2006-08-23,348.26758,0
2006-08-24,287.6606,0
2006-08-25,288.25278,0
2006-08-26,412.59827,0
2006-08-27,487.0,0
2006-08-28,387.96725,0
2006-08-29,432.59885,0
2006-08-30,396.99332,0
2006-08-31,437.5065,0
2006-09-01,375.87314,0
2006-09-02,348.53104,0
2006-09-03,343.0,0
2006-09-04,333.55634,0
2006-09-05,330.56592,0
2006-09-06,318.47067000000004,0
2006-09-07,721.8193,0
2006-09-08,766.5631,0
2006-09-09,556.842,0
2006-09-10,425.0,0
2006-09-11,355.5646,0
2006-09-12,569.05,0
2006-09-13,468.21976,0
2006-09-14,391.7144,0
2006-09-15,464.44333,0
2006-09-16,400.16727,0
2006-09-17,304.0,0
2006-09-18,368.07678,0
2006-09-19,320.23138,0
2006-09-20,299.10977,0
2006-09-21,291.90433,0
2006-09-22,249.11215,0
2006-09-23,291.7189,0
2006-09-24,451.0,0
2006-09-25,419.98117,0
2006-09-26,410.34006,0
2006-09-27,381.95724,0
2006-09-28,310.50104,0
2006-09-29,297.0,0
2006-09-30,290.27078,0
2006-10-01,266.0,0
2006-10-02,272.0,0
2006-10-03,259.64355,0
2006-10-04,306.0731,0
2006-10-05,253.2281,0
2006-10-06,221.01082,0
2006-10-07,210.67119,0
2006-10-08,202.0,0
2006-10-09,193.9482,0
2006-10-10,183.37146,0
2006-10-11,175.01846,0
2006-10-12,180.9605,0
2006-10-13,170.70113,0
2006-10-14,165.41156,0
2006-10-15,158.0,0
2006-10-16,155.05753,0
2006-10-17,150.08033999999998,0
2006-10-18,143.85933,0
2006-10-19,136.2955,0
2006-10-20,133.07023999999998,0
2006-10-21,142.0,0
2006-10-22,150.0,0
2006-10-23,145.14355,0
2006-10-24,136.66985,0
2006-10-25,129.0,0
2006-10-26,126.54428,0
2006-10-27,114.078896,0
2006-10-28,111.347466,0
2006-10-29,111.0,0
2006-10-30,109.072105,0
2006-10-31,106.09152,0
2006-11-01,100.877625,0
2006-11-02,123.99369,0
2006-11-03,118.53806000000002,0
2006-11-04,116.00535,0
2006-11-05,115.0,0
2006-11-06,113.44798,0
2006-11-07,102.62487,0
2006-11-08,100.31003,0
2006-11-09,98.643684,0
2006-11-10,103.51,0
2006-11-11,102.89794,0
2006-11-12,115.0,0
2006-11-13,108.91054,0
2006-11-14,103.1754,0
2006-11-15,100.1519,0
2006-11-16,98.94091,0
2006-11-17,98.19212,0
2006-11-18,95.67583,0
2006-11-19,94.0,0
2006-11-20,101.77885,0
2006-11-21,94.56625,0
2006-11-22,90.56666,0
2006-11-23,88.36591,0
2006-11-24,87.73371,0
2006-11-25,82.34701,0
2006-11-26,73.0,0
2006-11-27,73.1463,0
2006-11-28,74.33389,0
2006-11-29,73.44954,0
2006-11-30,71.70102,0
2006-12-01,72.457245,0
2006-12-02,71.31275,0
2006-12-03,71.0,0
2006-12-04,69.96119,0
2006-12-05,67.97816,0
2006-12-06,66.94858599999999,0
2006-12-07,67.622635,0
2006-12-08,65.871666,0
2006-12-09,64.157364,0
2006-12-10,64.0,0
2006-12-11,62.358765000000005,0
2006-12-12,70.87843000000001,0
2006-12-13,61.565617,0
2006-12-14,64.6103,0
2006-12-15,65.39183,0
2006-12-16,65.41929,0
2006-12-17,65.0,0
2006-12-18,63.02092,0
2006-12-19,62.207240000000006,0
2006-12-20,61.335575,0
2006-12-21,58.32039,0
2006-12-22,57.096848,0
2006-12-23,55.53141,0
2006-12-24,55.0,0
2006-12-25,54.0,0
2006-12-26,54.251328,0
2006-12-27,53.39295,0
2006-12-28,54.74122,0
2006-12-29,54.02008000000001,0
2006-12-30,51.569565,0
2006-12-31,52.0,0
2007-01-01,52.0,0
2007-01-02,49.3576,0
2007-01-03,45.97535,0
2007-01-04,44.44713,0
2007-01-05,43.578438,0
2007-01-06,43.321083,0
2007-01-07,43.0,0
2007-01-08,41.992493,0
2007-01-09,40.413383,0
2007-01-10,39.296597,0
2007-01-11,40.88825,0
2007-01-12,39.623405,0
2007-01-13,38.560852,0
2007-01-14,38.0,0
2007-01-15,38.0,0
2007-01-16,38.057224,0
2007-01-17,42.107758,0
2007-01-18,38.8597,0
2007-01-19,30.189476000000003,0
2007-01-20,30.576698,0
2007-01-21,30.0,0
2007-01-22,29.486443,0
2007-01-23,28.845497,0
2007-01-24,28.28946,0
2007-01-25,22.345356,0
2007-01-26,22.0,0
2007-01-27,22.524145,0
2007-01-28,22.0,0
2007-01-29,22.064705,0
2007-01-30,22.0,0
2007-01-31,21.707918,0
2007-02-01,22.83522,0
2007-02-02,21.356031,0
2007-02-03,20.929556,0
2007-02-04,21.0,0
2007-02-05,21.667116,0
2007-02-06,21.585867,0
2007-02-07,21.511389,0
2007-02-08,23.937431,0
2007-02-09,26.409872,0
2007-02-10,22.264688,0
2007-02-11,21.0,0
2007-02-12,21.024445,0
2007-02-13,26.705595,0
2007-02-14,22.669703,0
2007-02-15,34.66901,0
2007-02-16,24.220324,0
2007-02-17,25.173758,0
2007-02-18,25.0,0
2007-02-19,24.455175,0
2007-02-20,24.330278,0
2007-02-21,24.030418,0
2007-02-22,23.819246,0
2007-02-23,23.659384,0
2007-02-24,23.545292,0
2007-02-25,24.0,0
2007-02-26,33.668907,0
2007-02-27,39.953632,1
2007-02-28,34.67909,0
2007-03-01,25.946852,0
2007-03-02,43.27193,0
2007-03-03,40.85559,0
2007-03-04,35.0,0
2007-03-05,34.658215000000006,0
2007-03-06,34.292667,0
2007-03-07,33.102104,0
2007-03-08,24.83936,0
2007-03-09,24.990242,0
2007-03-10,23.989021,0
2007-03-11,24.0,0
2007-03-12,23.529135,0
2007-03-13,23.935555,0
2007-03-14,24.473345,0
2007-03-15,26.36238,0
2007-03-16,21.327131,0
2007-03-17,21.257692,0
2007-03-18,21.0,0
2007-03-19,20.670412,0
2007-03-20,38.582108000000005,0
2007-03-21,40.20703,0
2007-03-22,38.353836,0
2007-03-23,38.943752,0
2007-03-24,37.52469,0
2007-03-25,39.0,0
2007-03-26,40.887424,0
2007-03-27,41.78982,0
2007-03-28,38.44473,0
2007-03-29,39.917572,0
2007-03-30,60.067207,0
2007-03-31,61.0,0
2007-04-01,66.0,0
2007-04-02,70.266304,0
2007-04-03,76.04375,0
2007-04-04,95.281555,0
2007-04-05,65.27914,0
2007-04-06,63.0,0
2007-04-07,62.89191999999999,0
2007-04-08,63.0,0
2007-04-09,66.85741,0
2007-04-10,91.258446,0
2007-04-11,68.49331,0
2007-04-12,63.65145,0
2007-04-13,59.676785,0
2007-04-14,58.0,0
2007-04-15,57.0,0
2007-04-16,57.434536,0
2007-04-17,59.36504,0
2007-04-18,60.08604,0
2007-04-19,56.14856,0
2007-04-20,65.01705,0
2007-04-21,71.969574,0
2007-04-22,89.0,0
2007-04-23,79.00304399999999,0
2007-04-24,79.68446999999999,0
2007-04-25,84.12731,0
2007-04-26,69.95666,0
2007-04-27,67.04349,0
2007-04-28,65.92884000000001,0
2007-04-29,64.0,0
2007-04-30,62.94207,0
2007-05-01,60.337734,0
2007-05-02,60.0,0
2007-05-03,57.47241999999999,0
2007-05-04,61.033775,0
2007-05-05,58.844124,0
2007-05-06,58.0,0
2007-05-07,57.991890000000005,0
2007-05-08,56.977535,0
2007-05-09,62.992645,0
2007-05-10,60.596752,0
2007-05-11,65.81415,0
2007-05-12,68.18025,0
2007-05-13,63.0,0
2007-05-14,62.81540699999999,0
2007-05-15,58.772675,0
2007-05-16,59.60057,0
2007-05-17,65.13467,0
2007-05-18,62.075638,0
2007-05-19,68.48416,0
2007-05-20,72.0,0
2007-05-21,81.52566999999999,0
2007-05-22,231.21811,0
2007-05-23,336.40445,0
2007-05-24,189.74625,0
2007-05-25,211.98099,0
2007-05-26,160.61136000000002,0
2007-05-27,113.0,0
2007-05-28,81.3423,0
2007-05-29,72.070595,0
2007-05-30,69.489586,0
2007-05-31,67.42666,0
2007-06-01,67.813515,0
2007-06-02,64.763565,0
2007-06-03,74.0,0
2007-06-04,71.10325,0
2007-06-05,74.3566,0
2007-06-06,71.36635,0
2007-06-07,82.26514,0
2007-06-08,85.27154,0
2007-06-09,70.805374,0
2007-06-10,90.0,0
2007-06-11,98.58331,0
2007-06-12,94.95992,0
2007-06-13,116.00282,0
2007-06-14,208.29172,0
2007-06-15,488.8927,0
2007-06-16,293.5793,0
2007-06-17,335.0,0
2007-06-18,283.10757,0
2007-06-19,270.5678,0
2007-06-20,259.9159,0
2007-06-21,242.37544,0
2007-06-22,257.04446,0
2007-06-23,230.16484,0
2007-06-24,589.0,0
2007-06-25,281.71448,0
2007-06-26,248.73708,0
2007-06-27,308.09137000000004,0
2007-06-28,286.1597,0
2007-06-29,242.06403,0
2007-06-30,261.41382000000004,0
2007-07-01,258.0,0
2007-07-02,235.31487,0
2007-07-03,221.74225,0
2007-07-04,209.2817,0
2007-07-05,214.24701,0
2007-07-06,229.69992,0
2007-07-07,258.78632000000005,0
2007-07-08,209.0,0
2007-07-09,211.56255,0
2007-07-10,260.41595,0
2007-07-11,335.5145,0
2007-07-12,266.93225,0
2007-07-13,278.75327000000004,0
2007-07-14,298.63293,0
2007-07-15,324.0,0
2007-07-16,315.22327,0
2007-07-17,347.6485,0
2007-07-18,388.03357,0
2007-07-19,384.74997,0
2007-07-20,433.74103,0
2007-07-21,351.92404,0
2007-07-22,341.0,0
2007-07-23,404.86926,0
2007-07-24,571.9588,0
2007-07-25,940.4633,0
2007-07-26,968.8952,0
2007-07-27,1552.385,0
2007-07-28,2424.7458,0
2007-07-29,1478.0,0
2007-07-30,1462.9182,0
2007-07-31,1327.7074,0
2007-08-01,1137.2579,0
2007-08-02,1093.1528,0
2007-08-03,839.2443,0
2007-08-04,719.9333,0
2007-08-05,650.0,0
2007-08-06,592.3407599999999,0
2007-08-07,729.49335,0
2007-08-08,658.47046,0
2007-08-09,558.2292,0
2007-08-10,468.6878400000001,0
2007-08-11,434.27286,0
2007-08-12,434.0,0
2007-08-13,425.8246,0
2007-08-14,497.20996,0
2007-08-15,520.0,0
2007-08-16,601.1801,0
2007-08-17,537.5437599999999,0
2007-08-18,464.8307,0
2007-08-19,720.0,0
2007-08-20,409.54733,0
2007-08-21,385.35358,0
2007-08-22,382.96475,0
2007-08-23,418.38858,0
2007-08-24,435.7427,0
2007-08-25,376.70657,0
2007-08-26,460.0,0
2007-08-27,403.3378,0
2007-08-28,525.6252,0
2007-08-29,549.25464,0
2007-08-30,1299.2323,0
2007-08-31,719.8548,0
2007-09-01,797.32465,0
2007-09-02,519.0,0
2007-09-03,659.4857,0
2007-09-04,553.9436,0
2007-09-05,632.4901,0
2007-09-06,636.05756,0
2007-09-07,2162.5703,0
2007-09-08,1565.3026,0
2007-09-09,900.0,0
2007-09-10,1007.50415,0
2007-09-11,1041.7927,0
2007-09-12,849.0478,0
2007-09-13,821.90344,0
2007-09-14,743.4597,0
2007-09-15,612.21014,0
2007-09-16,610.0,0
2007-09-17,569.63464,0
2007-09-18,510.8825,0
2007-09-19,536.19006,0
2007-09-20,457.39224,0
2007-09-21,443.83533,0
2007-09-22,369.3363,0
2007-09-23,350.0,0
2007-09-24,335.1618,0
2007-09-25,326.20276,0
2007-09-26,327.1504,0
2007-09-27,286.71326,0
2007-09-28,309.6644,0
2007-09-29,287.92664,0
2007-09-30,300.0,0
2007-10-01,277.4963,0
2007-10-02,270.0,0
2007-10-03,289.5923,0
2007-10-04,276.69748,0
2007-10-05,261.08554,0
2007-10-06,250.8164,0
2007-10-07,243.0,0
2007-10-08,231.27768,0
2007-10-09,249.99767000000003,0
2007-10-10,242.43704,0
2007-10-11,265.67328,0
2007-10-12,233.9085,0
2007-10-13,225.53293,0
2007-10-14,200.0,0
2007-10-15,204.26436,0
2007-10-16,216.78046,0
2007-10-17,208.56908,0
2007-10-18,198.20284,0
2007-10-19,194.0,0
2007-10-20,190.3181,0
2007-10-21,190.0,0
2007-10-22,194.72505,0
2007-10-23,186.41862,0
2007-10-24,175.01988,0
2007-10-25,155.45064,0
2007-10-26,151.78677,0
2007-10-27,149.5225,0
2007-10-28,149.0,0
2007-10-29,126.625626,0
2007-10-30,125.63223,0
2007-10-31,122.03148,0
2007-11-01,117.0727,0
2007-11-02,101.10506,0
2007-11-03,94.74481,0
2007-11-04,91.0,0
2007-11-05,91.46566,0
2007-11-06,89.56076,0
2007-11-07,86.27662,0
2007-11-08,83.22887,0
2007-11-09,83.0,0
2007-11-10,79.078224,0
2007-11-11,79.0,0
2007-11-12,79.58216,0
2007-11-13,75.420334,0
2007-11-14,71.67425,0
2007-11-15,62.46475,0
2007-11-16,60.54148000000001,0
2007-11-17,59.399796,0
2007-11-18,59.0,0
2007-11-19,57.981766,0
2007-11-20,56.142426,0
2007-11-21,58.095780000000005,0
2007-11-22,56.040657,0
2007-11-23,54.355495,0
2007-11-24,54.0,0
2007-11-25,52.0,0
2007-11-26,51.962593,0
2007-11-27,50.121544,0
2007-11-28,49.31374,0
2007-11-29,48.030266,0
2007-11-30,47.938236,0
2007-12-01,45.922462,0
2007-12-02,47.0,0
2007-12-03,41.54324,0
2007-12-04,39.78742,0
2007-12-05,40.144447,0
2007-12-06,38.98695,0
2007-12-07,38.357983,0
2007-12-08,36.909443,0
2007-12-09,38.0,0
2007-12-10,36.72322,0
2007-12-11,35.36789,0
2007-12-12,34.66441,0
2007-12-13,34.106094,0
2007-12-14,34.398293,0
2007-12-15,33.547054,0
2007-12-16,33.0,0
2007-12-17,35.568707,0
2007-12-18,35.70268,0
2007-12-19,39.264473,0
2007-12-20,38.272625,0
2007-12-21,38.0,0
2007-12-22,38.209988,0
2007-12-23,37.0,0
2007-12-24,36.57092,0
2007-12-25,37.0,0
2007-12-26,35.734547,0
2007-12-27,37.272495,0
2007-12-28,36.12515,0
2007-12-29,34.9392,0
2007-12-30,35.0,0
2007-12-31,34.683456,0
2008-01-01,33.97173,0
2008-01-02,33.528156,0
2008-01-03,32.96811,0
2008-01-04,32.70881,0
2008-01-05,32.481753999999995,0
2008-01-06,32.0,0
2008-01-07,31.791615000000004,0
2008-01-08,31.43673,0
2008-01-09,26.553413,0
2008-01-10,25.295998,0
2008-01-11,27.343037,0
2008-01-12,26.162971,0
2008-01-13,26.0,0
2008-01-14,47.261986,0
2008-01-15,45.81655,0
2008-01-16,44.225704,0
2008-01-17,42.9787,0
2008-01-18,42.899986,0
2008-01-19,43.0,0
2008-01-20,43.0,0
2008-01-21,41.91801,0
2008-01-22,41.662426,0
2008-01-23,37.397255,0
2008-01-24,37.000107,0
2008-01-25,36.48993,0
2008-01-26,36.0,0
2008-01-27,35.0,0
2008-01-28,35.241856,0
2008-01-29,34.049194,0
2008-01-30,35.424847,0
2008-01-31,34.27348,0
2008-02-01,33.226803000000004,0
2008-02-02,33.040985,0
2008-02-03,34.0,0
2008-02-04,33.784424,0
2008-02-05,33.392452,0
2008-02-06,33.2442,0
2008-02-07,32.70193,0
2008-02-08,32.501915000000004,0
2008-02-09,31.61917,0
2008-02-10,32.0,0
2008-02-11,32.0,0
2008-02-12,30.559996,0
2008-02-13,30.552889,0
2008-02-14,29.334745,0
2008-02-15,34.476334,0
2008-02-16,33.68796,0
2008-02-17,35.0,0
2008-02-18,35.34391,0
2008-02-19,35.763493,0
2008-02-20,34.931923,0
2008-02-21,35.099632,0
2008-02-22,33.83593,0
2008-02-23,33.747784,0
2008-02-24,33.0,0
2008-02-25,36.591644,0
2008-02-26,37.183155,0
2008-02-27,36.49153,0
2008-02-28,35.387905,0
2008-02-29,34.749596000000004,0
2008-03-01,36.2143,0
2008-03-02,35.0,0
2008-03-03,35.08006,0
2008-03-04,33.73834,0
2008-03-05,40.333084,1
2008-03-06,35.640312,0
2008-03-07,34.241496999999995,0
2008-03-08,33.661987,0
2008-03-09,34.0,0
2008-03-10,33.031094,0
2008-03-11,32.842426,0
2008-03-12,32.808674,0
2008-03-13,32.816742,0
2008-03-14,33.613544,0
2008-03-15,38.554768,0
2008-03-16,34.0,0
2008-03-17,35.894455,0
2008-03-18,35.459354,0
2008-03-19,34.35552,0
2008-03-20,33.81215,0
2008-03-21,36.0,0
2008-03-22,35.0,0
2008-03-23,34.0,0
2008-03-24,32.73826,0
2008-03-25,33.683693,0
2008-03-26,32.375435,0
2008-03-27,37.780434,0
2008-03-28,37.909058,0
2008-03-29,36.267754,0
2008-03-30,36.0,0
2008-03-31,35.418865000000004,0
2008-04-01,37.689285,0
2008-04-02,45.152412,0
2008-04-03,39.928303,0
2008-04-04,50.99862,0
2008-04-05,46.61787,0
2008-04-06,40.0,0
2008-04-07,39.248398,0
2008-04-08,36.136414,0
2008-04-09,34.666157,0
2008-04-10,34.095966,0
2008-04-11,34.473892,0
2008-04-12,35.301624,0
2008-04-13,40.0,0
2008-04-14,38.4428,0
2008-04-15,40.750084,0
2008-04-16,39.267128,0
2008-04-17,40.020477,0
2008-04-18,60.0,0
2008-04-19,67.67839000000001,0
2008-04-20,70.0,0
2008-04-21,66.0113,0
2008-04-22,51.21435,0
2008-04-23,57.04395699999999,0
2008-04-24,54.557285,0
2008-04-25,75.33657,0
2008-04-26,79.313805,0
2008-04-27,92.0,0
2008-04-28,83.02532,0
2008-04-29,73.724144,0
2008-04-30,67.16501600000001,0
2008-05-01,62.380802,0
2008-05-02,77.60408000000001,0
2008-05-03,60.470547,0
2008-05-04,62.0,0
2008-05-05,54.571213,0
2008-05-06,56.633590000000005,0
2008-05-07,54.862633,0
2008-05-08,60.7041,0
2008-05-09,88.02037,0
2008-05-10,58.48624399999999,0
2008-05-11,52.0,0
2008-05-12,54.623657,0
2008-05-13,57.278088,0
2008-05-14,53.245415,0
2008-05-15,50.4748,0
2008-05-16,52.608963,0
2008-05-17,52.2175,0
2008-05-18,54.0,0
2008-05-19,79.79285,0
2008-05-20,84.0,0
2008-05-21,57.081776,0
2008-05-22,72.765335,0
2008-05-23,78.55833,0
2008-05-24,75.33851,0
2008-05-25,69.0,0
2008-05-26,63.305378000000005,0
2008-05-27,65.57265,0
2008-05-28,61.4157,0
2008-05-29,63.372883,0
2008-05-30,64.43342,0
2008-05-31,73.62155,0
2008-06-01,59.0,0
2008-06-02,59.06754,0
2008-06-03,77.1328,0
2008-06-04,101.81822,0
2008-06-05,138.36255,0
2008-06-06,100.64645,0
2008-06-07,140.10727,0
2008-06-08,143.0,0
2008-06-09,216.0105,0
2008-06-10,241.89087,0
2008-06-11,212.69864,0
2008-06-12,190.45998,0
2008-06-13,197.05942,0
2008-06-14,203.25713,0
2008-06-15,196.0,0
2008-06-16,182.66264,0
2008-06-17,191.64116,0
2008-06-18,355.1215,0
2008-06-19,366.35437,0
2008-06-20,620.2847,0
2008-06-21,601.5740000000001,0
2008-06-22,900.0,0
2008-06-23,529.4928,0
2008-06-24,509.23883,0
2008-06-25,444.84494000000007,0
2008-06-26,439.50244,0
2008-06-27,479.06363,0
2008-06-28,452.72183,0
2008-06-29,568.0,0
2008-06-30,545.25946,0
2008-07-01,572.58997,0
2008-07-02,777.53534,0
2008-07-03,531.3024,0
2008-07-04,673.6622,0
2008-07-05,531.2733,0
2008-07-06,580.0,0
2008-07-07,554.5636,0
2008-07-08,472.9345,0
2008-07-09,359.31012000000004,0
2008-07-10,404.69138,0
2008-07-11,610.7785,0
2008-07-12,533.6459,0
2008-07-13,496.0,0
2008-07-14,595.572,0
2008-07-15,567.2636,0
2008-07-16,547.47876,0
2008-07-17,683.5716,0
2008-07-18,739.57275,0
2008-07-19,787.4769,0
2008-07-20,810.0,0
2008-07-21,978.07513,0
2008-07-22,774.4363400000001,0
2008-07-23,1096.0037,0
2008-07-24,892.1266,0
2008-07-25,688.93744,0
2008-07-26,670.3592,0
2008-07-27,596.0,0
2008-07-28,633.07733,0
2008-07-29,456.54108,0
2008-07-30,423.99472,0
2008-07-31,420.79425,0
2008-08-01,405.83557,0
2008-08-02,470.6723,0
2008-08-03,610.0,0
2008-08-04,696.34656,0
2008-08-05,430.03683,0
2008-08-06,503.16745,0
2008-08-07,618.7301,0
2008-08-08,568.6865,0
2008-08-09,483.15964,0
2008-08-10,550.0,0
2008-08-11,647.35645,0
2008-08-12,541.71014,0
2008-08-13,569.6821,0
2008-08-14,459.04538,0
2008-08-15,613.0,0
2008-08-16,1106.3578,0
2008-08-17,600.0,0
2008-08-18,551.4754,0
2008-08-19,540.3986,0
2008-08-20,572.842,0
2008-08-21,507.53284,0
2008-08-22,519.2111,0
2008-08-23,409.5582,0
2008-08-24,500.0,0
2008-08-25,617.2991,0
2008-08-26,644.2262,0
2008-08-27,586.5132,0
2008-08-28,1186.5917,0
2008-08-29,1189.5214,0
2008-08-30,748.7973,0
2008-08-31,860.0,0
2008-09-01,637.0036,0
2008-09-02,563.2633,0
2008-09-03,531.8348,0
2008-09-04,579.6185,0
2008-09-05,543.20825,0
2008-09-06,534.6501,0
2008-09-07,480.0,0
2008-09-08,378.28757,0
2008-09-09,400.0687,0
2008-09-10,412.4058,0
2008-09-11,404.69534,0
2008-09-12,413.67545,0
2008-09-13,426.37042,0
2008-09-14,420.0,0
2008-09-15,398.9205,0
2008-09-16,391.0399,0
2008-09-17,409.5077,0
2008-09-18,371.11462,0
2008-09-19,356.36356,0
2008-09-20,330.76483,0
2008-09-21,370.0,0
2008-09-22,319.06784,0
2008-09-23,328.1672,0
2008-09-24,334.80304,0
2008-09-25,317.10095,0
2008-09-26,300.88733,0
2008-09-27,308.73306,0
2008-09-28,308.0,0
2008-09-29,318.4599,0
2008-09-30,307.52814,0
2008-10-01,283.25964,0
2008-10-02,270.0,0
2008-10-03,264.58398,0
2008-10-04,258.18085,0
2008-10-05,252.0,0
2008-10-06,280.03317000000004,0
2008-10-07,276.0,0
2008-10-08,269.53308,0
2008-10-09,260.0,0
2008-10-10,258.68723,0
2008-10-11,178.91443999999998,0
2008-10-12,177.0,0
2008-10-13,174.81258,0
2008-10-14,172.36711,0
2008-10-15,171.67983999999998,0
2008-10-16,166.62929,0
2008-10-17,162.98773,0
2008-10-18,161.76247,0
2008-10-19,159.0,0
2008-10-20,157.95854,0
2008-10-21,154.30225,0
2008-10-22,153.17548,0
2008-10-23,152.59163,0
2008-10-24,150.46866,0
2008-10-25,147.57294,0
2008-10-26,147.0,0
2008-10-27,137.70432,0
2008-10-28,180.0,0
2008-10-29,142.24164,0
2008-10-30,134.5642,0
2008-10-31,128.40706,0
2008-11-01,124.64964,0
2008-11-02,124.0,0
2008-11-03,123.03838,0
2008-11-04,120.03025,0
2008-11-05,117.402466,0
2008-11-06,114.92175,0
2008-11-07,112.17881,0
2008-11-08,112.71306,0
2008-11-09,112.0,0
2008-11-10,111.14341,0
2008-11-11,106.93266,0
2008-11-12,105.04982,0
2008-11-13,104.0,0
2008-11-14,102.23023,0
2008-11-15,102.29618,0
2008-11-16,102.0,0
2008-11-17,101.84342,0
2008-11-18,95.308525,0
2008-11-19,94.44507,0
2008-11-20,91.52228,0
2008-11-21,91.36997,0
2008-11-22,87.19124599999999,0
2008-11-23,87.0,0
2008-11-24,77.22442,0
2008-11-25,78.84656,0
2008-11-26,78.20224,0
2008-11-27,75.36361,0
2008-11-28,74.31752,0
2008-11-29,72.841286,0
2008-11-30,73.0,0
2008-12-01,69.59644,0
2008-12-02,67.98666,0
2008-12-03,66.77049,0
2008-12-04,66.08301,0
2008-12-05,65.77845,0
2008-12-06,64.18855,0
2008-12-07,64.0,0
2008-12-08,63.04446,0
2008-12-09,63.0,0
2008-12-10,61.53327,0
2008-12-11,60.763268,0
2008-12-12,59.674890000000005,0
2008-12-13,59.201164,0
2008-12-14,59.0,0
2008-12-15,57.7865,0
2008-12-16,57.057995,0
2008-12-17,56.85926,0
2008-12-18,55.280758,0
2008-12-19,47.259853,0
2008-12-20,46.566086,0
2008-12-21,47.0,0
2008-12-22,47.50413,0
2008-12-23,45.83517,0
2008-12-24,45.414597,0
2008-12-25,45.0,0
2008-12-26,45.36985,0
2008-12-27,44.780033,0
2008-12-28,44.0,0
2008-12-29,43.911777,0
2008-12-30,42.431812,0
2008-12-31,41.434284000000005,0
2009-01-01,40.59213,0
2009-01-02,40.298840000000006,0
2009-01-03,40.255672,0
2009-01-04,40.0,0
2009-01-05,39.569675,0
2009-01-06,39.845325,0
2009-01-07,38.571796,0
2009-01-08,40.0,0
2009-01-09,39.321968,0
2009-01-10,38.602955,0
2009-01-11,38.0,0
2009-01-12,38.401817,0
2009-01-13,37.65169,0
2009-01-14,36.398224,0
2009-01-15,36.08533,0
2009-01-16,35.889893,0
2009-01-17,34.9411,0
2009-01-18,35.0,0
2009-01-19,34.89157,0
2009-01-20,33.994021999999994,0
2009-01-21,34.67954,0
2009-01-22,33.895718,0
2009-01-23,33.769978,0
2009-01-24,32.69713,0
2009-01-25,33.0,0
2009-01-26,33.0,0
2009-01-27,31.55482,0
2009-01-28,31.209444,0
2009-01-29,31.045668,0
2009-01-30,31.169966,0
2009-01-31,30.868807,0
2009-02-01,31.0,0
2009-02-02,30.59889,0
2009-02-03,29.892311,0
2009-02-04,30.53656,0
2009-02-05,29.83077,0
2009-02-06,29.133371,0
2009-02-07,28.68108,0
2009-02-08,28.0,0
2009-02-09,27.882923,0
2009-02-10,27.250519,0
2009-02-11,26.332977000000003,0
2009-02-12,26.26567,0
2009-02-13,25.554695,0
2009-02-14,25.155846,0
2009-02-15,25.0,0
2009-02-16,24.952314,0
2009-02-17,24.887005,0
2009-02-18,24.613268,0
2009-02-19,24.612093,0
2009-02-20,24.100182,0
2009-02-21,23.973783,0
2009-02-22,24.0,0
2009-02-23,23.406027,0
2009-02-24,23.28867,0
2009-02-25,23.364458,0
2009-02-26,27.984766,0
2009-02-27,27.31842,0
2009-02-28,26.319994,0
2009-03-01,26.0,0
2009-03-02,25.896801,0
2009-03-03,26.070744,0
2009-03-04,26.894476,0
2009-03-05,26.53682,0
2009-03-06,27.308903000000004,0
2009-03-07,27.550375,0
2009-03-08,28.0,0
2009-03-09,26.351824,0
2009-03-10,26.0,0
2009-03-11,25.612907,0
2009-03-12,26.0,0
2009-03-13,24.82848,0
2009-03-14,24.578827,0
2009-03-15,25.0,0
2009-03-16,23.813694,0
2009-03-17,22.573475,0
2009-03-18,22.063786,0
2009-03-19,21.255968,0
2009-03-20,22.083963,0
2009-03-21,22.045925,0
2009-03-22,22.0,0
2009-03-23,21.85247,0
2009-03-24,21.08748,0
2009-03-25,22.836832,0
2009-03-26,22.245516,0
2009-03-27,23.591112,0
2009-03-28,23.13697,0
2009-03-29,22.0,0
2009-03-30,22.426117,0
2009-03-31,31.508743,0
2009-04-01,32.18686,0
2009-04-02,30.139456,0
2009-04-03,29.260069,0
2009-04-04,30.813295,0
2009-04-05,31.0,0
2009-04-06,31.290047,0
2009-04-07,35.0,0
2009-04-08,38.068737,1
2009-04-09,36.7694,0
2009-04-10,34.0,0
2009-04-11,42.027775,0
2009-04-12,36.0,0
2009-04-13,34.819817,0
2009-04-14,36.275978,0
2009-04-15,33.0,0
2009-04-16,33.721237,0
2009-04-17,76.86097,0
2009-04-18,76.248375,0
2009-04-19,62.0,0
2009-04-20,56.380646,0
2009-04-21,45.23315,0
2009-04-22,47.27891,0
2009-04-23,57.06599,0
2009-04-24,51.586826,0
2009-04-25,53.383743,0
2009-04-26,54.0,0
2009-04-27,53.59225,0
2009-04-28,52.570625,0
2009-04-29,50.694595,0
2009-04-30,48.790455,0
2009-05-01,50.78137,0
2009-05-02,52.12868,0
2009-05-03,50.0,0
2009-05-04,64.89356,0
2009-05-05,55.623940000000005,0
2009-05-06,53.28202,0
2009-05-07,59.77157,0
2009-05-08,51.82697,0
2009-05-09,51.0,0
2009-05-10,53.0,0
2009-05-11,60.345245,0
2009-05-12,60.405247,0
2009-05-13,71.61263000000001,0
2009-05-14,60.98000699999999,0
2009-05-15,59.827526,0
2009-05-16,59.912075,0
2009-05-17,58.0,0
2009-05-18,69.70674,0
2009-05-19,58.911522,0
2009-05-20,57.584198,0
2009-05-21,62.046165,0
2009-05-22,60.465847,0
2009-05-23,59.079197,0
2009-05-24,58.0,0
2009-05-25,57.59356700000001,0
2009-05-26,86.88065,0
2009-05-27,941.2235,0
2009-05-28,555.4449,0
2009-05-29,406.7651,0
2009-05-30,306.595,0
2009-05-31,300.0,0
2009-06-01,268.95502,0
2009-06-02,249.97963,0
2009-06-03,332.48853,0
2009-06-04,289.37906,0
2009-06-05,350.28012,0
2009-06-06,344.73514,0
2009-06-07,300.0,0
2009-06-08,268.3043,0
2009-06-09,322.20554,0
2009-06-10,261.87112,0
2009-06-11,245.59045,0
2009-06-12,206.65207,0
2009-06-13,190.34438,0
2009-06-14,185.0,0
2009-06-15,178.9697,0
2009-06-16,185.92741,0
2009-06-17,174.03014,0
2009-06-18,167.69400000000002,0
2009-06-19,161.59303,0
2009-06-20,218.41988,0
2009-06-21,180.0,0
2009-06-22,169.80302,0
2009-06-23,165.68135,0
2009-06-24,178.85672,0
2009-06-25,166.38187,0
2009-06-26,314.18402000000003,0
2009-06-27,546.24634,0
2009-06-28,260.0,0
2009-06-29,272.80975,0
2009-06-30,286.2341,0
2009-07-01,347.93185,0
2009-07-02,306.03604,0
2009-07-03,495.43887,0
2009-07-04,650.2569,0
2009-07-05,760.0,0
2009-07-06,451.5926,0
2009-07-07,413.14038,0
2009-07-08,417.4225,0
2009-07-09,410.10547,0
2009-07-10,519.6703,0
2009-07-11,437.45828,0
2009-07-12,450.0,0
2009-07-13,326.85385,0
2009-07-14,304.75623,0
2009-07-15,466.2456,0
2009-07-16,456.81668,0
2009-07-17,305.21823,0
2009-07-18,274.78192,0
2009-07-19,280.0,0
2009-07-20,278.0023,0
2009-07-21,218.61485,0
2009-07-22,280.7748,0
2009-07-23,255.8247,0
2009-07-24,260.3561,0
2009-07-25,229.35162000000005,0
2009-07-26,290.0,0
2009-07-27,387.99585,0
2009-07-28,350.89594,0
2009-07-29,460.07886,0
2009-07-30,644.6604,0
2009-07-31,653.4161,0
2009-08-01,569.5046,0
2009-08-02,380.0,0
2009-08-03,331.8708,0
2009-08-04,698.41486,0
2009-08-05,567.8622,0
2009-08-06,532.47186,0
2009-08-07,404.96863,0
2009-08-08,350.32498,0
2009-08-09,325.0,0
2009-08-10,314.54263,0
2009-08-11,288.82257000000004,0
2009-08-12,570.5591400000001,0
2009-08-13,523.613,0
2009-08-14,356.7907,0
2009-08-15,355.0,0
2009-08-16,960.0,0
2009-08-17,768.92535,0
2009-08-18,788.3911,0
2009-08-19,1106.5084,0
2009-08-20,1889.2399,0
2009-08-21,1218.4701,0
2009-08-22,1118.1761,0
2009-08-23,1140.0,0
2009-08-24,1156.2609,0
2009-08-25,1076.7509,0
2009-08-26,1115.947,0
2009-08-27,1015.5867,0
2009-08-28,857.35114,0
2009-08-29,675.1384,0
2009-08-30,680.0,0
2009-08-31,602.2086,0
2009-09-01,516.3157,0
2009-09-02,465.48563,0
2009-09-03,449.7396,0
2009-09-04,375.36227,0
2009-09-05,364.9309,0
2009-09-06,380.0,0
2009-09-07,371.65833,0
2009-09-08,387.63092,0
2009-09-09,351.68152000000003,0
2009-09-10,368.3994,0
2009-09-11,379.97113,0
2009-09-12,357.19196,0
2009-09-13,345.0,0
2009-09-14,335.8951,0
2009-09-15,340.30984,0
2009-09-16,325.35037,0
2009-09-17,351.5731,0
2009-09-18,359.85168,0
2009-09-19,618.1942,0
2009-09-20,365.0,0
2009-09-21,358.0,0
2009-09-22,286.00082000000003,0
2009-09-23,280.53763,0
2009-09-24,273.20108,0
2009-09-25,270.84125,0
2009-09-26,270.0,0
2009-09-27,266.0,0
2009-09-28,257.0,0
2009-09-29,256.75894,0
2009-09-30,219.35287,0
2009-10-01,208.63385,0
2009-10-02,205.0,0
2009-10-03,199.59842,0
2009-10-04,198.0,0
2009-10-05,203.35979,0
2009-10-06,205.9886,0
2009-10-07,231.79036,0
2009-10-08,1146.8624,0
2009-10-09,565.3677,0
2009-10-10,424.336,0
2009-10-11,365.0,0
2009-10-12,304.07944,0
2009-10-13,301.80533,0
2009-10-14,284.08893,0
2009-10-15,274.63995,0
2009-10-16,271.76654,0
2009-10-17,276.0,0
2009-10-18,281.0,0
2009-10-19,281.4072,0
2009-10-20,280.47134,0
2009-10-21,292.28757,0
2009-10-22,287.8777,0
2009-10-23,235.49443,0
2009-10-24,219.50261,0
2009-10-25,180.0,0
2009-10-26,145.97337,0
2009-10-27,141.71017,0
2009-10-28,137.1823,0
2009-10-29,132.07603,0
2009-10-30,123.39798,0
2009-10-31,115.42513,0
2009-11-01,113.0,0
2009-11-02,113.0,0
2009-11-03,106.68296,0
2009-11-04,103.19725,0
2009-11-05,99.21275,0
2009-11-06,95.49001,0
2009-11-07,95.79825,0
2009-11-08,92.0,0
2009-11-09,92.19248,0
2009-11-10,89.4335,0
2009-11-11,88.62357,0
2009-11-12,87.31076,0
2009-11-13,85.71261,0
2009-11-14,83.27273000000001,0
2009-11-15,80.0,0
2009-11-16,78.6136,0
2009-11-17,81.70233,0
2009-11-18,78.42135999999999,0
2009-11-19,76.8064,0
2009-11-20,74.885735,0
2009-11-21,72.5449,0
2009-11-22,70.0,0
2009-11-23,70.861694,0
2009-11-24,69.93768,0
2009-11-25,68.284935,0
2009-11-26,66.72615,0
2009-11-27,65.55785,0
2009-11-28,65.0,0
2009-11-29,65.0,0
2009-11-30,62.111230000000006,0
2009-12-01,60.713394,0
2009-12-02,60.461163,0
2009-12-03,63.180832,0
2009-12-04,62.312836,0
2009-12-05,52.09814,0
2009-12-06,52.0,0
2009-12-07,51.80298,0
2009-12-08,50.475956,0
2009-12-09,49.58448,0
2009-12-10,48.81952,0
2009-12-11,48.188347,0
2009-12-12,49.168285,0
2009-12-13,48.0,0
2009-12-14,48.100502,0
2009-12-15,47.64642,0
2009-12-16,46.870872,0
2009-12-17,46.485096,0
2009-12-18,45.862774,0
2009-12-19,43.74975,0
2009-12-20,43.0,0
2009-12-21,42.68209,0
2009-12-22,41.47605,0
2009-12-23,41.15295,0
2009-12-24,40.205265,0
2009-12-25,40.0,0
2009-12-26,40.238690000000005,0
2009-12-27,40.0,0
2009-12-28,40.0,0
2009-12-29,38.872837,0
2009-12-30,38.090298,0
2009-12-31,37.56077,0
2010-01-01,38.343,0
2010-01-02,36.794853,0
2010-01-03,37.0,0
2010-01-04,36.0116,0
2010-01-05,35.135635,0
2010-01-06,34.72892,0
2010-01-07,34.16192,0
2010-01-08,33.166374,0
2010-01-09,33.010498,0
2010-01-10,32.0,0
2010-01-11,34.15693,0
2010-01-12,33.169178,0
2010-01-13,32.459057,0
2010-01-14,31.85497,0
2010-01-15,31.060371000000004,0
2010-01-16,30.602875,0
2010-01-17,30.0,0
2010-01-18,28.15392,0
2010-01-19,27.674805,0
2010-01-20,28.0,0
2010-01-21,27.028788,0
2010-01-22,26.153326,0
2010-01-23,26.0506,0
2010-01-24,26.0,0
2010-01-25,24.194294,0
2010-01-26,24.0,0
2010-01-27,24.268288,0
2010-01-28,23.058897,0
2010-01-29,22.675528,0
2010-01-30,22.454538,0
2010-01-31,22.0,0
2010-02-01,21.885355,0
2010-02-02,21.45542,0
2010-02-03,21.425446,0
2010-02-04,21.176128,0
2010-02-05,20.933992,0
2010-02-06,20.511421,0
2010-02-07,21.0,0
2010-02-08,18.760386,0
2010-02-09,18.315256,0
2010-02-10,18.830072,0
2010-02-11,18.279415,0
2010-02-12,18.870173,0
2010-02-13,17.942564,0
2010-02-14,18.0,0
2010-02-15,17.781494,0
2010-02-16,16.628172,0
2010-02-17,16.695812,0
2010-02-18,16.782469,0
2010-02-19,17.118567000000002,0
2010-02-20,17.027472,0
2010-02-21,17.0,0
2010-02-22,16.675386,0
2010-02-23,16.459938,0
2010-02-24,16.15812,0
2010-02-25,16.233908,0
2010-02-26,15.6495,0
2010-02-27,16.0,0
2010-02-28,20.0,0
2010-03-01,16.345854,0
2010-03-02,18.280367,0
2010-03-03,18.849337,0
2010-03-04,17.574457000000002,0
2010-03-05,17.440535999999998,0
2010-03-06,17.572374,0
2010-03-07,18.0,0
2010-03-08,17.143852,0
2010-03-09,16.853189999999998,0
2010-03-10,16.550516000000002,0
2010-03-11,16.634356,0
2010-03-12,16.4745,0
2010-03-13,16.989273,0
2010-03-14,17.0,0
2010-03-15,16.043728,0
2010-03-16,16.899829999999998,0
2010-03-17,15.59551,0
2010-03-18,15.310409,0
2010-03-19,14.928161,0
2010-03-20,14.543212,0
2010-03-21,15.0,0
2010-03-22,15.027353,0
2010-03-23,16.114895,0
2010-03-24,30.565762,0
2010-03-25,31.761133,0
2010-03-26,30.9105,0
2010-03-27,70.25791,1
2010-03-28,72.0,0
2010-03-29,42.8431,0
2010-03-30,43.50549,0
2010-03-31,77.19669,0
2010-04-01,79.31275,0
2010-04-02,62.0,0
2010-04-03,41.602448,0
2010-04-04,38.0,0
2010-04-05,49.685307,0
2010-04-06,42.86564,0
2010-04-07,45.352047,0
2010-04-08,41.47455,0
2010-04-09,42.13597,0
2010-04-10,43.18632,0
2010-04-11,44.0,0
2010-04-12,50.93221,0
2010-04-13,120.43738,0
2010-04-14,100.0,0
2010-04-15,72.0,0
2010-04-16,46.968365000000006,0
2010-04-17,45.264683000000005,0
2010-04-18,90.0,0
2010-04-19,194.5613,0
2010-04-20,107.23564,0
2010-04-21,198.48444,0
2010-04-22,126.08794,0
2010-04-23,189.28806,0
2010-04-24,169.26973,0
2010-04-25,131.0,0
2010-04-26,128.70131,0
2010-04-27,116.10768,0
2010-04-28,97.68598,0
2010-04-29,95.266136,0
2010-04-30,92.78926,0
2010-05-01,90.890274,0
2010-05-02,97.0,0
2010-05-03,143.09215,0
2010-05-04,129.95346,0
2010-05-05,95.74725,0
2010-05-06,93.810234,0
2010-05-07,89.35396999999999,0
2010-05-08,92.786316,0
2010-05-09,118.0,0
2010-05-10,164.4184,0
2010-05-11,111.22076,0
2010-05-12,98.466194,0
2010-05-13,129.34756000000002,0
2010-05-14,133.3629,0
2010-05-15,129.70618000000002,0
2010-05-16,105.0,0
2010-05-17,102.27033,0
2010-05-18,95.08072,0
2010-05-19,113.25971,0
2010-05-20,210.04674,0
2010-05-21,251.25163,0
2010-05-22,178.90839,0
2010-05-23,182.0,0
2010-05-24,168.05581999999998,0
2010-05-25,182.02077,0
2010-05-26,159.51756,0
2010-05-27,162.0,0
2010-05-28,164.926,0
2010-05-29,168.05516,0
2010-05-30,156.0,0
2010-05-31,176.4089,0
2010-06-01,181.82286,0
2010-06-02,158.05585,0
2010-06-03,162.33002,0
2010-06-04,356.1347,0
2010-06-05,324.50876,0
2010-06-06,325.0,0
2010-06-07,301.15775,0
2010-06-08,280.78906,0
2010-06-09,273.0499,0
2010-06-10,291.28156,0
2010-06-11,265.0,0
2010-06-12,257.44638,0
2010-06-13,252.0,0
2010-06-14,311.97403,0
2010-06-15,332.0356,0
2010-06-16,254.08766,0
2010-06-17,432.65097,0
2010-06-18,353.7567,0
2010-06-19,421.0071400000001,0
2010-06-20,386.0,0
2010-06-21,368.903,0
2010-06-22,362.74277,0
2010-06-23,355.14362,0
2010-06-24,340.61905,0
2010-06-25,331.39462000000003,0
2010-06-26,318.48566,0
2010-06-27,965.0,0
2010-06-28,776.0877,0
2010-06-29,668.5852,0
2010-06-30,742.0639,0
2010-07-01,722.9021,0
2010-07-02,775.3537,0
2010-07-03,737.03503,0
2010-07-04,800.0,0
2010-07-05,718.26733,0
2010-07-06,724.7117,0
2010-07-07,843.9375,0
2010-07-08,782.2771,0
2010-07-09,792.88495,0
2010-07-10,785.0269,0
2010-07-11,1565.0,0
2010-07-12,788.0624,0
2010-07-13,866.84106,0
2010-07-14,821.84705,0
2010-07-15,752.82733,0
2010-07-16,1182.7064,0
2010-07-17,724.1946,0
2010-07-18,1200.0,0
2010-07-19,867.1716,0
2010-07-20,741.1588,0
2010-07-21,1911.5587,0
2010-07-22,856.1335,0
2010-07-23,943.10583,0
2010-07-24,767.9321,0
2010-07-25,710.0,0
2010-07-26,928.75885,0
2010-07-27,961.24713,0
2010-07-28,566.61035,0
2010-07-29,603.50726,0
2010-07-30,603.65515,0
2010-07-31,995.9903,0
2010-08-01,890.0,0
2010-08-02,861.0567,0
2010-08-03,829.6994599999999,0
2010-08-04,790.36365,0
2010-08-05,680.5791,0
2010-08-06,543.03546,0
2010-08-07,698.6072,0
2010-08-08,640.0,0
2010-08-09,603.38214,0
2010-08-10,531.7491,0
2010-08-11,525.19275,0
2010-08-12,486.95917,0
2010-08-13,584.7085,0
2010-08-14,529.90247,0
2010-08-15,498.0,0
2010-08-16,519.8598,0
2010-08-17,502.92557,0
2010-08-18,754.86383,0
2010-08-19,606.2026400000001,0
2010-08-20,559.6345,0
2010-08-21,588.2951,0
2010-08-22,780.0,0
2010-08-23,878.7368,0
2010-08-24,989.3273,0
2010-08-25,852.52264,0
2010-08-26,777.2806,0
2010-08-27,1137.784,0
2010-08-28,673.58093,0
2010-08-29,650.0,0
2010-08-30,560.1014,0
2010-08-31,538.11743,0
2010-09-01,422.00537,0
2010-09-02,584.65955,0
2010-09-03,490.84924,0
2010-09-04,541.2757,0
2010-09-05,435.0,0
2010-09-06,445.72757,0
2010-09-07,613.1496,0
2010-09-08,473.3907,0
2010-09-09,463.40634000000006,0
2010-09-10,449.38736,0
2010-09-11,545.0,0
2010-09-12,450.0,0
2010-09-13,438.1289,0
2010-09-14,440.09323,0
2010-09-15,477.58868,0
2010-09-16,474.66415,0
2010-09-17,401.51056,0
2010-09-18,412.40088,0
2010-09-19,416.0,0
2010-09-20,391.92654,0
2010-09-21,411.05212,0
2010-09-22,378.97894,0
2010-09-23,358.71924,0
2010-09-24,340.56696,0
2010-09-25,327.61465,0
2010-09-26,390.0,0
2010-09-27,317.17648,0
2010-09-28,308.12396,0
2010-09-29,326.3055,0
2010-09-30,274.4712,0
2010-10-01,258.77628,0
2010-10-02,250.0,0
2010-10-03,210.0,0
2010-10-04,194.91461,0
2010-10-05,189.18823,0
2010-10-06,188.49594,0
2010-10-07,180.29936,0
2010-10-08,176.22176000000002,0
2010-10-09,180.0915,0
2010-10-10,194.0,0
2010-10-11,169.6959,0
2010-10-12,161.49133,0
2010-10-13,163.05971,0
2010-10-14,155.68986999999998,0
2010-10-15,159.0,0
2010-10-16,158.25566,0
2010-10-17,159.0,0
2010-10-18,162.61661999999998,0
2010-10-19,157.46715,0
2010-10-20,109.005806,0
2010-10-21,110.08032,0
2010-10-22,106.74538,0
2010-10-23,111.75838,0
2010-10-24,108.0,0
2010-10-25,106.864204,0
2010-10-26,105.0187,0
2010-10-27,102.51739,0
2010-10-28,99.84606,0
2010-10-29,96.35132,0
2010-10-30,92.97694,0
2010-10-31,91.0,0
2010-11-01,89.36494,0
2010-11-02,90.14357,0
2010-11-03,91.29504,0
2010-11-04,85.53374000000001,0
2010-11-05,76.0,0
2010-11-06,74.71693,0
2010-11-07,74.0,0
2010-11-08,71.537994,0
2010-11-09,75.06313,0
2010-11-10,69.829254,0
2010-11-11,68.58081,0
2010-11-12,66.424736,0
2010-11-13,66.03384,0
2010-11-14,68.0,0
2010-11-15,64.79845999999999,0
2010-11-16,63.941166,0
2010-11-17,64.0,0
2010-11-18,62.35410699999999,0
2010-11-19,62.255287,0
2010-11-20,63.226635,0
2010-11-21,63.0,0
2010-11-22,60.923588,0
2010-11-23,59.67825,0
2010-11-24,57.976040000000005,0
2010-11-25,56.622130000000006,0
2010-11-26,55.81909,0
2010-11-27,54.081703000000005,0
2010-11-28,54.0,0
2010-11-29,54.212154000000005,0
2010-11-30,52.99681,0
2010-12-01,51.19199,0
2010-12-02,51.50742,0
2010-12-03,49.13333,0
2010-12-04,50.073555,0
2010-12-05,50.0,0
2010-12-06,54.769924,0
2010-12-07,51.602764,0
2010-12-08,51.93854,0
2010-12-09,51.592323,0
2010-12-10,51.42569,0
2010-12-11,51.650654,0
2010-12-12,50.0,0
2010-12-13,52.05904,0
2010-12-14,51.669125,0
2010-12-15,56.019238,0
2010-12-16,49.208813,0
2010-12-17,45.0,0
2010-12-18,47.80252,0
2010-12-19,45.0,0
2010-12-20,46.798145,0
2010-12-21,46.517014,0
2010-12-22,45.894577000000005,0
2010-12-23,45.205936,0
2010-12-24,45.235245,0
2010-12-25,43.0,0
2010-12-26,41.0,0
2010-12-27,73.15217,0
2010-12-28,43.848103,0
2010-12-29,42.587208,0
2010-12-30,41.20581,0
2010-12-31,40.126617,0
2011-01-01,37.25402,0
2011-01-02,38.0,0
2011-01-03,35.520924,0
2011-01-04,37.81304,0
2011-01-05,38.727707,0
2011-01-06,37.771866,0
2011-01-07,36.781807,0
2011-01-08,35.20577,0
2011-01-09,35.0,0
2011-01-10,34.59216,0
2011-01-11,33.98158,0
2011-01-12,32.925877,0
2011-01-13,32.083996,0
2011-01-14,32.53488,0
2011-01-15,33.0,0
2011-01-16,33.0,0
2011-01-17,30.418398,0
2011-01-18,31.200676,0
2011-01-19,30.960926,0
2011-01-20,31.511185,0
2011-01-21,31.161915000000004,0
2011-01-22,30.369228000000003,0
2011-01-23,30.0,0
2011-01-24,30.427393,0
2011-01-25,29.605745,0
2011-01-26,29.0,0
2011-01-27,28.8247,0
2011-01-28,27.886528,0
2011-01-29,27.463657,0
2011-01-30,27.0,0
2011-01-31,26.909948,0
2011-02-01,25.30574,0
2011-02-02,23.171432,0
2011-02-03,25.711802,0
2011-02-04,25.164932,0
2011-02-05,25.079056,0
2011-02-06,25.0,0
2011-02-07,24.694443,0
2011-02-08,22.008186,0
2011-02-09,21.944195,0
2011-02-10,23.54385,0
2011-02-11,22.90303,0
2011-02-12,22.16444,0
2011-02-13,22.0,0
2011-02-14,21.575739,0
2011-02-15,21.870106,0
2011-02-16,22.0,0
2011-02-17,21.915588,0
2011-02-18,21.415049,0
2011-02-19,22.204746,0
2011-02-20,21.0,0
2011-02-21,21.596004,0
2011-02-22,23.085564,0
2011-02-23,22.14362,0
2011-02-24,21.845737,0
2011-02-25,21.659672,0
2011-02-26,21.125673000000003,0
2011-02-27,20.0,0
2011-02-28,19.587969,0
2011-03-01,20.099445000000003,0
2011-03-02,19.536888,0
2011-03-03,19.410152,0
2011-03-04,19.547077,0
2011-03-05,20.3057,0
2011-03-06,20.0,0
2011-03-07,20.386454,0
2011-03-08,19.944305,0
2011-03-09,19.543339000000003,0
2011-03-10,19.752842,0
2011-03-11,19.161825,0
2011-03-12,18.408836,0
2011-03-13,18.0,0
2011-03-14,18.366955,0
2011-03-15,17.857912,0
2011-03-16,17.574966,0
2011-03-17,16.843845,0
2011-03-18,17.736122,0
2011-03-19,19.0,0
2011-03-20,18.0,0
2011-03-21,20.227505,0
2011-03-22,19.731407,0
2011-03-23,20.866053,0
2011-03-24,21.151169,0
2011-03-25,23.477285,0
2011-03-26,24.901024,0
2011-03-27,24.0,0
2011-03-28,25.472466,0
2011-03-29,25.111452,0
2011-03-30,24.044619,0
2011-03-31,24.075712,0
2011-04-01,28.585798,0
2011-04-02,33.221916,0
2011-04-03,32.0,0
2011-04-04,30.878775,0
2011-04-05,31.3756,0
2011-04-06,28.996042,0
2011-04-07,27.453732,0
2011-04-08,27.400927000000003,0
2011-04-09,28.830978,0
2011-04-10,29.0,0
2011-04-11,27.65499,0
2011-04-12,27.977684000000004,0
2011-04-13,31.55997,0
2011-04-14,32.0,0
2011-04-15,36.7003,0
2011-04-16,32.0,0
2011-04-17,32.0,0
2011-04-18,33.640877,0
2011-04-19,40.83092,1
2011-04-20,46.687088,0
2011-04-21,40.60145,0
2011-04-22,37.0,0
2011-04-23,36.553505,0
2011-04-24,32.0,0
2011-04-25,35.1144,0
2011-04-26,35.87971,0
2011-04-27,33.100773,0
2011-04-28,35.422585,0
2011-04-29,36.51079,0
2011-04-30,34.390633,0
2011-05-01,37.0,0
2011-05-02,45.299618,0
2011-05-03,47.215534000000005,0
2011-05-04,50.8234,0
2011-05-05,41.650417,0
2011-05-06,37.24589,0
2011-05-07,38.230164,0
2011-05-08,39.0,0
2011-05-09,40.89898,0
2011-05-10,41.915035,0
2011-05-11,41.803047,0
2011-05-12,40.624454,0
2011-05-13,40.428226,0
2011-05-14,40.633774,0
2011-05-15,42.0,0
2011-05-16,41.16755,0
2011-05-17,41.0,0
2011-05-18,45.015095,0
2011-05-19,47.039684,0
2011-05-20,44.611164,0
2011-05-21,63.97787,0
2011-05-22,60.0,0
2011-05-23,107.177315,0
2011-05-24,97.969055,0
2011-05-25,90.56325,0
2011-05-26,76.126144,0
2011-05-27,61.53713199999999,0
2011-05-28,82.33015400000001,0
2011-05-29,80.0,0
2011-05-30,74.72411,0
2011-05-31,66.3671,0
2011-06-01,101.67272,0
2011-06-02,66.68388,0
2011-06-03,153.18694,0
2011-06-04,104.077065,0
2011-06-05,94.0,0
2011-06-06,67.66799,0
2011-06-07,109.91315,0
2011-06-08,101.33318,0
2011-06-09,87.415474,0
2011-06-10,86.49056,0
2011-06-11,107.87926000000002,0
2011-06-12,110.0,0
2011-06-13,87.69504,0
2011-06-14,84.54258,0
2011-06-15,104.070114,0
2011-06-16,102.7131,0
2011-06-17,111.38617,0
2011-06-18,107.14433,0
2011-06-19,120.0,0
2011-06-20,136.12056,0
2011-06-21,131.46114,0
2011-06-22,159.0583,0
2011-06-23,143.82161000000002,0
2011-06-24,204.91814,0
2011-06-25,156.56686000000002,0
2011-06-26,151.0,0
2011-06-27,143.4519,0
2011-06-28,205.89775,0
2011-06-29,543.964,0
2011-06-30,544.9094,0
2011-07-01,749.1496599999999,0
2011-07-02,503.89563,0
2011-07-03,360.0,0
2011-07-04,337.17584,0
2011-07-05,358.62976000000003,0
2011-07-06,359.67987,0
2011-07-07,367.9877,0
2011-07-08,356.4379,0
2011-07-09,296.405,0
2011-07-10,285.0,0
2011-07-11,282.15552,0
2011-07-12,271.4386,0
2011-07-13,264.38287,0
2011-07-14,391.01074,0
2011-07-15,348.087,0
2011-07-16,305.7349,0
2011-07-17,510.0,0
2011-07-18,418.04263,0
2011-07-19,380.91736,0
2011-07-20,433.80026,0
2011-07-21,411.99228,0
2011-07-22,407.15582,0
2011-07-23,486.22675,0
2011-07-24,470.0,0
2011-07-25,420.31165,0
2011-07-26,432.9285,0
2011-07-27,417.83487,0
2011-07-28,411.4484,0
2011-07-29,574.1561,0
2011-07-30,538.8333,0
2011-07-31,602.0,0
2011-08-01,581.0294,0
2011-08-02,652.4933,0
2011-08-03,695.80145,0
2011-08-04,585.31696,0
2011-08-05,550.35425,0
2011-08-06,536.2334,0
2011-08-07,690.0,0
2011-08-08,611.87494,0
2011-08-09,492.04562,0
2011-08-10,473.09183,0
2011-08-11,486.34628,0
2011-08-12,480.45786,0
2011-08-13,439.31488,0
2011-08-14,480.0,0
2011-08-15,488.0,0
2011-08-16,464.24158,0
2011-08-17,458.1153,0
2011-08-18,477.9365,0
2011-08-19,501.2035,0
2011-08-20,441.5558,0
2011-08-21,240.0,0
2011-08-22,330.69836000000004,0
2011-08-23,389.72015,0
2011-08-24,323.8065,0
2011-08-25,332.20755,0
2011-08-26,305.52832,0
2011-08-27,308.3863,0
2011-08-28,340.0,0
2011-08-29,307.17065,0
2011-08-30,285.3248,0
2011-08-31,298.0,0
2011-09-01,268.59146,0
2011-09-02,262.9248,0
2011-09-03,269.28662,0
2011-09-04,245.0,0
2011-09-05,225.53053,0
2011-09-06,222.78328,0
2011-09-07,223.16028,0
2011-09-08,245.30032000000003,0
2011-09-09,261.0645,0
2011-09-10,269.54587000000004,0
2011-09-11,252.0,0
2011-09-12,245.71483,0
2011-09-13,240.53584,0
2011-09-14,257.25717000000003,0
2011-09-15,285.511,0
2011-09-16,341.10168,0
2011-09-17,319.367,0
2011-09-18,382.0,0
2011-09-19,392.9224200000001,0
2011-09-20,416.112,0
2011-09-21,376.35815,0
2011-09-22,363.91754,0
2011-09-23,407.51285,0
2011-09-24,421.0333,0
2011-09-25,590.0,0
2011-09-26,462.84973,0
2011-09-27,529.8978,0
2011-09-28,465.8502,0
2011-09-29,455.35345,0
2011-09-30,418.23468,0
2011-10-01,412.12778,0
2011-10-02,350.0,0
2011-10-03,314.6591,0
2011-10-04,328.98764,0
2011-10-05,305.0,0
2011-10-06,295.0,0
2011-10-07,293.66284,0
2011-10-08,272.74216,0
2011-10-09,260.0,0
2011-10-10,256.8017,0
2011-10-11,234.80478,0
2011-10-12,224.55531,0
2011-10-13,216.51465,0
2011-10-14,212.13936,0
2011-10-15,201.34679,0
2011-10-16,213.0,0
2011-10-17,199.2367,0
2011-10-18,193.55467,0
2011-10-19,186.87509,0
2011-10-20,108.805756,0
2011-10-21,102.330124,0
2011-10-22,112.72192,0
2011-10-23,106.0,0
2011-10-24,101.783485,0
2011-10-25,95.20765,0
2011-10-26,87.0,0
2011-10-27,93.313805,0
2011-10-28,90.15804,0
2011-10-29,95.68437,0
2011-10-30,87.0,0
2011-10-31,103.230255,0
2011-11-01,100.308815,0
2011-11-02,98.46465,0
2011-11-03,101.05318,0
2011-11-04,95.357185,0
2011-11-05,94.891556,0
2011-11-06,91.0,0
2011-11-07,90.0,0
2011-11-08,90.00125,0
2011-11-09,86.30247,0
2011-11-10,86.0,0
2011-11-11,87.99876400000001,0
2011-11-12,86.41868000000001,0
2011-11-13,87.0,0
2011-11-14,78.78478,0
2011-11-15,77.06303,0
2011-11-16,76.902985,0
2011-11-17,75.379486,0
2011-11-18,71.66015,0
2011-11-19,72.441154,0
2011-11-20,70.0,0
2011-11-21,70.56953,0
2011-11-22,70.4428,0
2011-11-23,71.67259,0
2011-11-24,70.15596,0
2011-11-25,69.83968,0
2011-11-26,69.14437,0
2011-11-27,66.0,0
2011-11-28,57.41778000000001,0
2011-11-29,56.254906000000005,0
2011-11-30,56.037666,0
2011-12-01,54.892273,0
2011-12-02,50.222866,0
2011-12-03,50.103035,0
2011-12-04,50.5,0
2011-12-05,51.061123,0
2011-12-06,53.0,0
2011-12-07,53.107807,0
2011-12-08,50.310566,0
2011-12-09,49.246986,0
2011-12-10,48.792316,0
2011-12-11,47.5,0
2011-12-12,46.95863,0
2011-12-13,47.474487,0
2011-12-14,47.716045,0
2011-12-15,47.37913,0
2011-12-16,46.309002,0
2011-12-17,46.05786,0
2011-12-18,45.0,0
2011-12-19,45.679558,0
2011-12-20,45.926807,0
2011-12-21,43.76416,0
2011-12-22,43.01291,0
2011-12-23,42.674244,0
2011-12-24,42.711876,0
2011-12-25,42.0,0
2011-12-26,42.303455,0
2011-12-27,42.17815,0
2011-12-28,41.5713,0
2011-12-29,41.07561,0
2011-12-30,40.969994,0
2011-12-31,40.872078,0
2012-01-01,40.0,0
2012-01-02,41.497482,0
2012-01-03,42.21233,0
2012-01-04,41.90104,0
2012-01-05,41.36686,0
2012-01-06,44.753326,0
2012-01-07,38.4693,0
2012-01-08,37.5,0
2012-01-09,35.409607,0
2012-01-10,36.141716,0
2012-01-11,35.123344,0
2012-01-12,35.556416,0
2012-01-13,34.35785,0
2012-01-14,34.806168,0
2012-01-15,35.5,0
2012-01-16,34.956284000000004,0
2012-01-17,35.503017,0
2012-01-18,32.892532,0
2012-01-19,32.75565,0
2012-01-20,33.015778000000005,0
2012-01-21,32.598976,0
2012-01-22,31.5,0
2012-01-23,31.870708,0
2012-01-24,31.204985,0
2012-01-25,31.098698,0
2012-01-26,31.0,0
2012-01-27,26.857391,0
2012-01-28,26.84018,0
2012-01-29,26.5,0
2012-01-30,26.304857,0
2012-01-31,26.928146,0
2012-02-01,26.417112,0
2012-02-02,27.598911,0
2012-02-03,26.080498,0
2012-02-04,25.413622,0
2012-02-05,25.5,0
2012-02-06,25.77204,0
2012-02-07,22.783035,0
2012-02-08,22.685698,0
2012-02-09,25.041584,0
2012-02-10,24.204256,0
2012-02-11,24.302069,0
2012-02-12,23.0,0
2012-02-13,22.743803,0
2012-02-14,22.523102,0
2012-02-15,22.393713,0
2012-02-16,22.394606,0
2012-02-17,22.79142,0
2012-02-18,24.73318,0
2012-02-19,23.0,0
2012-02-20,22.740086,0
2012-02-21,23.297384,0
2012-02-22,22.52471,0
2012-02-23,22.727333,0
2012-02-24,23.482698000000003,0
2012-02-25,23.419441,0
2012-02-26,23.0,0
2012-02-27,23.339525,0
2012-02-28,22.498924,0
2012-02-29,22.554876,0
2012-03-01,27.106575,0
2012-03-02,24.880573,0
2012-03-03,23.019644,0
2012-03-04,23.0,0
2012-03-05,22.9804,0
2012-03-06,22.872969,0
2012-03-07,23.143019,0
2012-03-08,22.95,0
2012-03-09,22.683838,0
2012-03-10,21.913313,0
2012-03-11,21.75,0
2012-03-12,21.541182,0
2012-03-13,21.25103,0
2012-03-14,21.435474,0
2012-03-15,21.350355,0
2012-03-16,21.296602,0
2012-03-17,19.839987,0
2012-03-18,21.0,0
2012-03-19,21.118633,0
2012-03-20,20.626787,0
2012-03-21,21.021921,0
2012-03-22,21.331657,0
2012-03-23,22.25549,0
2012-03-24,23.07134,0
2012-03-25,23.0,0
2012-03-26,22.40851,0
2012-03-27,22.09789,0
2012-03-28,22.11137,0
2012-03-29,22.524063,0
2012-03-30,25.73811,0
2012-03-31,30.787811,0
2012-04-01,23.5,0
2012-04-02,27.2014,0
2012-04-03,27.601751,0
2012-04-04,30.934006,0
2012-04-05,28.5,0
2012-04-06,33.5,0
2012-04-07,36.961037,0
2012-04-08,33.0,0
2012-04-09,40.675472,1
2012-04-10,38.152832,0
2012-04-11,41.4366,0
2012-04-12,40.542778000000006,0
2012-04-13,69.5,0
2012-04-14,53.790363,0
2012-04-15,42.5,0
2012-04-16,46.733017,0
2012-04-17,41.653214,0
2012-04-18,39.936153,0
2012-04-19,91.37436,0
2012-04-20,157.66495,0
2012-04-21,151.59654,0
2012-04-22,110.0,0
2012-04-23,109.58383,0
2012-04-24,92.54748,0
2012-04-25,92.404655,0
2012-04-26,50.90701,0
2012-04-27,118.02998,0
2012-04-28,131.9086,0
2012-04-29,130.0,0
2012-04-30,120.15351,0
2012-05-01,105.97259,0
2012-05-02,101.10484,0
2012-05-03,94.46307,0
2012-05-04,93.30777,0
2012-05-05,92.30753,0
2012-05-06,90.5,0
2012-05-07,90.448166,0
2012-05-08,83.51103,0
2012-05-09,85.86404399999999,0
2012-05-10,87.45331999999999,0
2012-05-11,86.703926,0
2012-05-12,85.66154499999999,0
2012-05-13,104.85,0
2012-05-14,123.1031,0
2012-05-15,135.12726,0
2012-05-16,125.36431,0
2012-05-17,119.83594,0
2012-05-18,111.59065,0
2012-05-19,118.91996,0
2012-05-20,92.5,0
2012-05-21,90.986855,0
2012-05-22,81.30767,0
2012-05-23,93.04552,0
2012-05-24,101.17601,0
2012-05-25,106.70392,0
2012-05-26,89.188156,0
2012-05-27,90.0,0
2012-05-28,89.188156,0
2012-05-29,92.451675,0
2012-05-30,86.8793,0
2012-05-31,91.11319,0
2012-06-01,94.21288,0
2012-06-02,106.11022,0
2012-06-03,116.0,0
2012-06-04,107.04868,0
2012-06-05,125.8942,0
2012-06-06,117.5146,0
2012-06-07,112.44864,0
2012-06-08,132.00002,0
2012-06-09,190.29887,0
2012-06-10,181.0,0
2012-06-11,194.36987,0
2012-06-12,197.7354,0
2012-06-13,225.75912,0
2012-06-14,449.267,0
2012-06-15,422.874,0
2012-06-16,732.7899,0
2012-06-17,718.0,0
2012-06-18,741.5399,0
2012-06-19,426.58783,0
2012-06-20,401.8841,0
2012-06-21,426.65482,0
2012-06-22,384.17056,0
2012-06-23,399.75504,0
2012-06-24,380.0,0
2012-06-25,782.6033,0
2012-06-26,724.721,0
2012-06-27,840.47266,0
2012-06-28,710.2383,0
2012-06-29,590.8543,0
2012-06-30,540.442,0
2012-07-01,592.0,0
2012-07-02,559.5428,0
2012-07-03,516.62494,0
2012-07-04,478.7116400000001,0
2012-07-05,487.7044,0
2012-07-06,473.28787,0
2012-07-07,451.93903,0
2012-07-08,400.0,0
2012-07-09,371.39954,0
2012-07-10,432.30634,0
2012-07-11,377.02576,0
2012-07-12,350.1745,0
2012-07-13,388.54413,0
2012-07-14,381.9467,0
2012-07-15,1050.0,0
2012-07-16,1083.7306,0
2012-07-17,683.9135,0
2012-07-18,682.1447,0
2012-07-19,708.5323,0
2012-07-20,646.9812,0
2012-07-21,669.2926,0
2012-07-22,622.0,0
2012-07-23,633.11725,0
2012-07-24,589.87177,0
2012-07-25,629.9056400000001,0
2012-07-26,580.81995,0
2012-07-27,543.1682,0
2012-07-28,544.8968,0
2012-07-29,530.0,0
2012-07-30,503.47165,0
2012-07-31,473.73886,0
2012-08-01,417.7754,0
2012-08-02,354.12302,0
2012-08-03,332.8943,0
2012-08-04,415.18988,0
2012-08-05,424.0,0
2012-08-06,403.22714,0
2012-08-07,415.64233,0
2012-08-08,291.7541,0
2012-08-09,293.12573,0
2012-08-10,282.63748,0
2012-08-11,291.44662,0
2012-08-12,320.0,0
2012-08-13,301.24216,0
2012-08-14,301.6167,0
2012-08-15,325.0,0
2012-08-16,268.77307,0
2012-08-17,245.96332,0
2012-08-18,241.60143,0
2012-08-19,235.0,0
2012-08-20,243.0,0
2012-08-21,254.44846,0
2012-08-22,249.62253,0
2012-08-23,253.95244,0
2012-08-24,248.4981,0
2012-08-25,254.633,0
2012-08-26,262.0,0
2012-08-27,251.2377,0
2012-08-28,269.80075,0
2012-08-29,259.76846,0
2012-08-30,245.02374,0
2012-08-31,266.9111,0
2012-09-01,526.1465,0
2012-09-02,328.0,0
2012-09-03,261.9702,0
2012-09-04,246.10138,0
2012-09-05,240.19768,0
2012-09-06,235.24031,0
2012-09-07,223.14482,0
2012-09-08,204.03062,0
2012-09-09,205.0,0
2012-09-10,245.64005,0
2012-09-11,251.60318,0
2012-09-12,570.0351,0
2012-09-13,417.1141,0
2012-09-14,496.81006,0
2012-09-15,512.88367,0
2012-09-16,442.0,0
2012-09-17,529.616,0
2012-09-18,365.24805,0
2012-09-19,346.22437,0
2012-09-20,339.30746,0
2012-09-21,352.57947,0
2012-09-22,354.31067,0
2012-09-23,360.0,0
2012-09-24,359.40158,0
2012-09-25,331.7843,0
2012-09-26,235.47551,0
2012-09-27,228.96684,0
2012-09-28,227.15791,0
2012-09-29,223.19815,0
2012-09-30,218.0,0
2012-10-01,237.24445,0
2012-10-02,216.0,0
2012-10-03,217.79211,0
2012-10-04,181.69275,0
2012-10-05,205.2499,0
2012-10-06,193.3683,0
2012-10-07,195.0,0
2012-10-08,188.0769,0
2012-10-09,187.39009,0
2012-10-10,197.95361,0
2012-10-11,203.06871,0
2012-10-12,194.34537,0
2012-10-13,190.65623,0
2012-10-14,182.0,0
2012-10-15,176.7337,0
2012-10-16,174.33846,0
2012-10-17,170.01395,0
2012-10-18,172.07442,0
2012-10-19,170.3658,0
2012-10-20,170.63881,0
2012-10-21,170.0,0
2012-10-22,169.42796,0
2012-10-23,169.0,0
2012-10-24,169.0,0
2012-10-25,168.74313,0
2012-10-26,167.21707,0
2012-10-27,166.0,0
2012-10-28,165.0,0
2012-10-29,162.43112,0
2012-10-30,160.69655,0
2012-10-31,161.23424,0
2012-11-01,160.09929,0
2012-11-02,164.67953,0
2012-11-03,171.84283,0
2012-11-04,158.0,0
2012-11-05,158.1671,0
2012-11-06,156.57008000000002,0
2012-11-07,157.49655,0
2012-11-08,160.6562,0
2012-11-09,157.48065,0
2012-11-10,157.09671,0
2012-11-11,148.0,0
2012-11-12,148.33885,0
2012-11-13,148.0,0
2012-11-14,144.23516999999998,0
2012-11-15,146.06787,0
2012-11-16,143.97865,0
2012-11-17,144.4724,0
2012-11-18,142.0,0
2012-11-19,141.86248999999998,0
2012-11-20,138.73299,0
2012-11-21,139.86285,0
2012-11-22,135.93585,0
2012-11-23,134.1381,0
2012-11-24,143.56436000000002,0
2012-11-25,133.0,0
2012-11-26,242.26566,0
2012-11-27,131.37183000000002,0
2012-11-28,131.0,0
2012-11-29,131.01683,0
2012-11-30,127.98913600000002,0
2012-12-01,129.77618,0
2012-12-02,128.0,0
2012-12-03,127.960686,0
2012-12-04,127.2895,0
2012-12-05,126.23563,0
2012-12-06,124.99051,0
2012-12-07,125.73221,0
2012-12-08,122.2859,0
2012-12-09,125.0,0
2012-12-10,124.87853,0
2012-12-11,119.74991,0
2012-12-12,118.37521,0
2012-12-13,119.49778,0
2012-12-14,119.00659,0
2012-12-15,117.5748,0
2012-12-16,117.0,0
2012-12-17,118.01235,0
2012-12-18,117.69046000000002,0
2012-12-19,117.97187,0
2012-12-20,118.77438,0
2012-12-21,113.267426,0
2012-12-22,117.59855,0
2012-12-23,116.0,0
2012-12-24,111.11091,0
2012-12-25,111.0,0
2012-12-26,110.315704,0
2012-12-27,110.20713,0
2012-12-28,110.01171,0
2012-12-29,109.76029,0
2012-12-30,109.0,0
2012-12-31,110.79296,0
2013-01-01,108.87826,0
2013-01-02,108.90829,0
2013-01-03,106.75249,0
2013-01-04,106.72661,0
2013-01-05,106.8859,0
2013-01-06,59.0,0
2013-01-07,58.783363,0
2013-01-08,60.874115,0
2013-01-09,44.0792,0
2013-01-10,25.228544,0
2013-01-11,25.202305,0
2013-01-12,25.353458,0
2013-01-13,25.0,0
2013-01-14,25.28358,0
2013-01-15,25.258951,0
2013-01-16,25.0082,0
2013-01-17,25.157753,0
2013-01-18,25.120232,0
2013-01-19,25.035275,0
2013-01-20,25.0,0
2013-01-21,25.042313,0
2013-01-22,25.027328,0
2013-01-23,24.825327,0
2013-01-24,24.540152,0
2013-01-25,25.0,0
2013-01-26,25.0,0
2013-01-27,24.0,0
2013-01-28,24.43664,0
2013-01-29,24.39915,0
2013-01-30,24.303366,0
2013-01-31,24.208464000000003,0
2013-02-01,22.86458,0
2013-02-02,22.676708,0
2013-02-03,22.0,0
2013-02-04,22.039362,0
2013-02-05,21.676920000000003,0
2013-02-06,21.559162,0
2013-02-07,21.405094,0
2013-02-08,21.324066,0
2013-02-09,21.223362,0
2013-02-10,22.0,0
2013-02-11,21.259077,0
2013-02-12,21.154171,0
2013-02-13,21.08366,0
2013-02-14,23.180489,0
2013-02-15,23.373837,0
2013-02-16,23.105871,0
2013-02-17,25.0,0
2013-02-18,29.318394,0
2013-02-19,28.34782,0
2013-02-20,28.297018,0
2013-02-21,27.236471,0
2013-02-22,25.310518,0
2013-02-23,24.813305,0
2013-02-24,24.0,0
2013-02-25,24.490023,0
2013-02-26,23.950167,0
2013-02-27,23.894436,0
2013-02-28,23.97831,0
2013-03-01,23.746,0
2013-03-02,23.51937,0
2013-03-03,23.0,0
2013-03-04,22.807062,0
2013-03-05,22.790562,0
2013-03-06,22.630676,0
2013-03-07,22.844608,0
2013-03-08,22.660406,0
2013-03-09,23.04818,0
2013-03-10,22.0,0
2013-03-11,22.638567,0
2013-03-12,22.748913,0
2013-03-13,22.785278,0
2013-03-14,22.644049,0
2013-03-15,22.707493,0
2013-03-16,22.643463,0
2013-03-17,23.0,0
2013-03-18,22.71837,0
2013-03-19,22.718924,0
2013-03-20,18.387253,0
2013-03-21,18.21937,0
2013-03-22,20.771643,0
2013-03-23,21.69031,0
2013-03-24,20.0,0
2013-03-25,19.476648,0
2013-03-26,19.21172,0
2013-03-27,19.0,0
2013-03-28,19.47199,0
2013-03-29,20.0,0
2013-03-30,19.48538,0
2013-03-31,19.5,0
2013-04-01,22.918846,0
2013-04-02,21.59381,0
2013-04-03,22.542889,0
2013-04-04,29.852947,0
2013-04-05,30.54808,0
2013-04-06,24.358414,0
2013-04-07,21.5,0
2013-04-08,22.274168,0
2013-04-09,21.140259,0
2013-04-10,23.068478,0
2013-04-11,22.724356,0
2013-04-12,23.307236,0
2013-04-13,23.358381,0
2013-04-14,23.0,0
2013-04-15,26.0,0
2013-04-16,26.649334000000003,0
2013-04-17,25.126055,0
2013-04-18,23.774496,0
2013-04-19,23.489895,0
2013-04-20,23.557283,0
2013-04-21,25.0,0
2013-04-22,24.735363,0
2013-04-23,24.441284,0
2013-04-24,24.0,0
2013-04-25,23.5442,0
2013-04-26,21.77215,0
2013-04-27,21.428286,0
2013-04-28,23.5,0
2013-04-29,24.147379,0
2013-04-30,24.077295,0
2013-05-01,38.46567,1
2013-05-02,76.13778,0
2013-05-03,72.71500999999999,0
2013-05-04,61.329735,0
2013-05-05,62.0,0
2013-05-06,66.917366,0
2013-05-07,113.79727,0
2013-05-08,113.35385,0
2013-05-09,117.962875,0
2013-05-10,114.59984,0
2013-05-11,112.73286,0
2013-05-12,133.0,0
2013-05-13,115.30631,0
2013-05-14,115.50338,0
2013-05-15,120.3179,0
2013-05-16,105.56863,0
2013-05-17,116.80632,0
2013-05-18,113.01437,0
2013-05-19,107.0,0
2013-05-20,100.437416,0
2013-05-21,108.34893,0
2013-05-22,114.392975,0
2013-05-23,114.74941,0
2013-05-24,122.59835,0
2013-05-25,114.5,0
2013-05-26,105.0,0
2013-05-27,105.237236,0
2013-05-28,105.32984,0
2013-05-29,111.91443999999998,0
2013-05-30,132.30476000000002,0
2013-05-31,145.82056,0
2013-06-01,146.81317,0
2013-06-02,134.0,0
2013-06-03,124.56101,0
2013-06-04,131.99414,0
2013-06-05,129.5818,0
2013-06-06,170.72687,0
2013-06-07,116.98643,0
2013-06-08,164.92555,0
2013-06-09,136.0,0
2013-06-10,131.83015,0
2013-06-11,121.99486,0
2013-06-12,119.42924,0
2013-06-13,117.37252,0
2013-06-14,115.008224,0
2013-06-15,112.7815,0
2013-06-16,113.5,0
2013-06-17,108.832344,0
2013-06-18,124.63305,0
2013-06-19,113.87027,0
2013-06-20,115.522835,0
2013-06-21,117.686935,0
2013-06-22,121.32537,0
2013-06-23,119.5,0
2013-06-24,167.0282,0
2013-06-25,179.10876000000002,0
2013-06-26,165.12723,0
2013-06-27,162.64638,0
2013-06-28,176.0401,0
2013-06-29,179.70737,0
2013-06-30,176.0,0
2013-07-01,162.67677,0
2013-07-02,168.98051,0
2013-07-03,185.71483,0
2013-07-04,176.58101000000002,0
2013-07-05,190.1224,0
2013-07-06,186.5852,0
2013-07-07,172.5,0
2013-07-08,172.6204,0
2013-07-09,235.02588,0
2013-07-10,666.66034,0
2013-07-11,548.4608,0
2013-07-12,571.47864,0
2013-07-13,543.5606700000001,0
2013-07-14,425.0,0
2013-07-15,299.42145,0
2013-07-16,303.4223,0
2013-07-17,347.8718,0
2013-07-18,594.78076,0
2013-07-19,644.4615,0
2013-07-20,380.9565,0
2013-07-21,545.0,0
2013-07-22,396.8385,0
2013-07-23,409.21936,0
2013-07-24,349.62787000000003,0
2013-07-25,349.15054,0
2013-07-26,356.28555,0
2013-07-27,353.59784,0
2013-07-28,360.0,0
2013-07-29,350.982,0
2013-07-30,329.88815,0
2013-07-31,346.78076,0
2013-08-01,337.67075,0
2013-08-02,355.22858,0
2013-08-03,339.61084,0
2013-08-04,339.0,0
2013-08-05,384.69376,0
2013-08-06,513.24023,0
2013-08-07,350.82477,0
2013-08-08,344.4084,0
2013-08-09,350.0,0
2013-08-10,367.81674,0
2013-08-11,370.0,0
2013-08-12,360.40076,0
2013-08-13,363.0672,0
2013-08-14,350.3245,0
2013-08-15,348.0,0
2013-08-16,364.90897,0
2013-08-17,614.4906,0
2013-08-18,360.0,0
2013-08-19,311.15173,0
2013-08-20,275.47314,0
2013-08-21,270.8182,0
2013-08-22,274.00262000000004,0
2013-08-23,269.43027,0
2013-08-24,263.4406,0
2013-08-25,264.0,0
2013-08-26,297.9907,0
2013-08-27,286.8698,0
2013-08-28,291.809,0
2013-08-29,297.84528,0
2013-08-30,276.98203,0
2013-08-31,276.98465,0
2013-09-01,360.0,0
2013-09-02,239.64548,0
2013-09-03,265.59366,0
2013-09-04,272.72144,0
2013-09-05,267.74933,0
2013-09-06,280.34012,0
2013-09-07,338.37634,0
2013-09-08,280.0,0
2013-09-09,275.14246,0
2013-09-10,269.10098,0
2013-09-11,264.78217,0
2013-09-12,260.30127000000005,0
2013-09-13,256.4357,0
2013-09-14,250.73642,0
2013-09-15,225.0,0
2013-09-16,225.05911,0
2013-09-17,220.81683,0
2013-09-18,221.52986,0
2013-09-19,188.57274,0
2013-09-20,186.51799,0
2013-09-21,202.85156,0
2013-09-22,201.0,0
2013-09-23,199.38684,0
2013-09-24,182.74083,0
2013-09-25,178.16613999999998,0
2013-09-26,193.54106,0
2013-09-27,188.80411,0
2013-09-28,179.66531,0
2013-09-29,181.0,0
2013-09-30,186.87938,0
2013-10-01,191.23637,0
2013-10-02,180.0,0
2013-10-03,180.31659,0
2013-10-04,168.19664,0
2013-10-05,167.87946000000002,0
2013-10-06,168.0,0
2013-10-07,167.05083,0
2013-10-08,167.4657,0
2013-10-09,166.43156000000002,0
2013-10-10,143.04178000000002,0
2013-10-11,156.0,0
2013-10-12,149.34479,0
2013-10-13,151.0,0
2013-10-14,152.0,0
2013-10-15,168.0984,0
2013-10-16,166.0,0
2013-10-17,162.38057,0
2013-10-18,160.36601000000002,0
2013-10-19,160.76413,0
2013-10-20,155.0,0
2013-10-21,150.96706,0
2013-10-22,144.13672,0
2013-10-23,144.30919,0
2013-10-24,142.77428,0
2013-10-25,142.77428,0
2013-10-26,141.96454,0
2013-10-27,142.0,0
2013-10-28,151.07332,0
2013-10-29,151.10887,0
2013-10-30,145.0397,0
2013-10-31,142.30913,0
2013-11-01,139.67656000000002,0
2013-11-02,137.61887,0
2013-11-03,138.5,0
2013-11-04,138.56723,0
2013-11-05,137.10066,0
2013-11-06,136.05746000000002,0
2013-11-07,135.37906999999998,0
2013-11-08,131.79283,0
2013-11-09,133.05261000000002,0
2013-11-10,132.0,0
2013-11-11,132.17703,0
2013-11-12,118.63906,0
2013-11-13,118.02365,0
2013-11-14,117.5,0
2013-11-15,118.91845,0
2013-11-16,115.74791,0
2013-11-17,113.5,0
2013-11-18,112.384674,0
2013-11-19,111.800446,0
2013-11-20,109.23728,0
2013-11-21,105.70476,0
2013-11-22,100.26907,0
2013-11-23,98.02426,0
2013-11-24,97.5,0
2013-11-25,96.33889,0
2013-11-26,91.529106,0
2013-11-27,91.973305,0
2013-11-28,91.11571,0
2013-11-29,99.30402,0
2013-11-30,90.41227,0
2013-12-01,90.0,0
2013-12-02,87.78526,0
2013-12-03,87.81838,0
2013-12-04,87.92261500000001,0
2013-12-05,87.43514,0
2013-12-06,84.53764,0
2013-12-07,85.04271,0
2013-12-08,83.0,0
2013-12-09,82.08726,0
2013-12-10,81.467575,0
2013-12-11,79.7566,0
2013-12-12,78.090385,0
2013-12-13,81.49207,0
2013-12-14,81.35498,0
2013-12-15,80.0,0
2013-12-16,78.39246,0
2013-12-17,77.7826,0
2013-12-18,80.026146,0
2013-12-19,70.23475,0
2013-12-20,68.05277,0
2013-12-21,68.36757,0
2013-12-22,67.0,0
2013-12-23,67.29523499999999,0
2013-12-24,66.9618,0
2013-12-25,66.5,0
2013-12-26,65.90874000000001,0
2013-12-27,64.96516,0
2013-12-28,63.74149,0
2013-12-29,62.5,0
2013-12-30,63.297653,0
2013-12-31,62.252575,0
2014-01-01,61.738377,0
2014-01-02,61.007378,0
2014-01-03,61.33669,0
2014-01-04,61.052803,0
2014-01-05,60.0,0
2014-01-06,45.612152,0
2014-01-07,45.724957,0
2014-01-08,45.56088,0
2014-01-09,44.895412,0
2014-01-10,44.995987,0
2014-01-11,44.974144,0
2014-01-12,44.5,0
2014-01-13,44.33574,0
2014-01-14,44.2,0
2014-01-15,44.086243,0
2014-01-16,43.98237,0
2014-01-17,44.19855,0
2014-01-18,42.821712,0
2014-01-19,42.5,0
2014-01-20,42.64919,0
2014-01-21,42.585438,0
2014-01-22,39.054512,0
2014-01-23,39.635826,0
2014-01-24,37.994907,0
2014-01-25,28.090986,0
2014-01-26,27.8,0
2014-01-27,27.183921999999995,0
2014-01-28,27.300947,0
2014-01-29,27.220692,0
2014-01-30,26.512661,0
2014-01-31,26.679695,0
2014-02-01,24.214275,0
2014-02-02,26.0,0
2014-02-03,26.263178000000003,0
2014-02-04,26.2,0
2014-02-05,26.420534000000004,0
2014-02-06,26.339563,0
2014-02-07,26.250513,0
2014-02-08,26.59669,0
2014-02-09,26.4,0
2014-02-10,26.363531,0
2014-02-11,26.177036,0
2014-02-12,25.585749,0
2014-02-13,25.641857,0
2014-02-14,25.66421,0
2014-02-15,26.21544,0
2014-02-16,26.0,0
2014-02-17,27.101702000000003,0
2014-02-18,26.668837,0
2014-02-19,24.740454,0
2014-02-20,24.426249,0
2014-02-21,24.56968,0
2014-02-22,23.26654,0
2014-02-23,23.0,0
2014-02-24,22.590513,0
2014-02-25,23.05725,0
2014-02-26,22.946466,0
2014-02-27,22.742586,0
2014-02-28,23.023129,0
2014-03-01,22.636795000000003,0
2014-03-02,22.6,0
2014-03-03,23.213844,0
2014-03-04,22.928677,0
2014-03-05,22.892723,0
2014-03-06,23.153757,0
2014-03-07,22.896448,0
2014-03-08,22.812872,0
2014-03-09,22.9,0
2014-03-10,23.725475,0
2014-03-11,22.651068,0
2014-03-12,22.315237,0
2014-03-13,22.396984,0
2014-03-14,22.5908,0
2014-03-15,22.455523,0
2014-03-16,22.4,0
2014-03-17,22.354704,0
2014-03-18,22.252802,0
2014-03-19,22.953194,0
2014-03-20,25.797321,0
2014-03-21,24.907024,0
2014-03-22,25.122538,0
2014-03-23,24.0,0
2014-03-24,25.222029,0
2014-03-25,24.29559,0
2014-03-26,24.1111,0
2014-03-27,24.813463,0
2014-03-28,24.68381,0
2014-03-29,24.679554,0
2014-03-30,25.5,0
2014-03-31,25.662731,0
2014-04-01,25.775316,0
2014-04-02,25.370722,0
2014-04-03,23.776115,0
2014-04-04,25.139309,0
2014-04-05,24.419222,0
2014-04-06,24.5,0
2014-04-07,25.76521,0
2014-04-08,25.613886,0
2014-04-09,26.43512,0
2014-04-10,26.138058,0
2014-04-11,25.770132,0
2014-04-12,25.549122,0
2014-04-13,25.5,0
2014-04-14,25.5,0
2014-04-15,25.45,0
2014-04-16,25.179083,0
2014-04-17,25.5,0
2014-04-18,30.0,0
2014-04-19,28.18782,0
2014-04-20,29.0,0
2014-04-21,28.52316,0
2014-04-22,27.926199,0
2014-04-23,27.167568,0
2014-04-24,40.041534000000006,1
2014-04-25,40.20613,0
2014-04-26,38.706345,0
2014-04-27,39.0,0
2014-04-28,48.38522,0
2014-04-29,47.874443,0
2014-04-30,48.95957,0
2014-05-01,46.47071,0
2014-05-02,86.898834,0
2014-05-03,85.05261,0
2014-05-04,85.9,0
2014-05-05,83.16171,0
2014-05-06,87.65166500000001,0
2014-05-07,89.88101,0
2014-05-08,103.5535,0
2014-05-09,97.40227,0
2014-05-10,88.76654,0
2014-05-11,100.0,0
2014-05-12,110.86655,0
2014-05-13,98.645164,0
2014-05-14,93.0,0
2014-05-15,106.98327,0
2014-05-16,105.728455,0
2014-05-17,94.91509,0
2014-05-18,93.0,0
2014-05-19,92.246735,0
2014-05-20,92.29896,0
2014-05-21,104.86916,0
2014-05-22,108.321976,0
2014-05-23,99.230064,0
2014-05-24,95.96806,0
2014-05-25,95.0,0
2014-05-26,93.97082,0
2014-05-27,93.3536,0
2014-05-28,114.30923,0
2014-05-29,216.0884,0
2014-05-30,167.88313,0
2014-05-31,175.54922,0
2014-06-01,176.0,0
2014-06-02,166.6033,0
2014-06-03,172.1614,0
2014-06-04,159.08952,0
2014-06-05,156.06882,0
2014-06-06,152.86414,0
2014-06-07,154.1805,0
2014-06-08,154.0,0
2014-06-09,161.87169,0
2014-06-10,163.49321,0
2014-06-11,163.6689,0
2014-06-12,164.1928,0
2014-06-13,193.05818,0
2014-06-14,189.19946,0
2014-06-15,188.0,0
2014-06-16,159.19348,0
2014-06-17,161.30762,0
2014-06-18,163.8132,0
2014-06-19,161.05923,0
2014-06-20,176.4515,0
2014-06-21,186.86028,0
2014-06-22,188.0,0
2014-06-23,199.23688,0
2014-06-24,192.1272,0
2014-06-25,234.38423,0
2014-06-26,184.3162,0
2014-06-27,190.79865,0
2014-06-28,208.55267,0
2014-06-29,230.0,0
2014-06-30,246.18294,0
2014-07-01,313.1578,0
2014-07-02,302.28845,0
2014-07-03,295.82968,0
2014-07-04,313.04105,0
2014-07-05,305.25784,0
2014-07-06,359.0,0
2014-07-07,316.45135,0
2014-07-08,327.39627,0
2014-07-09,322.00385,0
2014-07-10,319.64453,0
2014-07-11,321.64517,0
2014-07-12,315.61673,0
2014-07-13,328.0,0
2014-07-14,319.57855,0
2014-07-15,323.59473,0
2014-07-16,317.6399,0
2014-07-17,336.62427,0
2014-07-18,317.94083,0
2014-07-19,311.26852,0
2014-07-20,300.0,0
2014-07-21,295.9366,0
2014-07-22,316.25763,0
2014-07-23,293.98886,0
2014-07-24,289.89017,0
2014-07-25,298.4309,0
2014-07-26,283.41635,0
2014-07-27,264.0,0
2014-07-28,254.03516,0
2014-07-29,254.0,0
2014-07-30,266.29758,0
2014-07-31,253.14108,0
2014-08-01,251.8225,0
2014-08-02,254.7315,0
2014-08-03,246.0,0
2014-08-04,230.90694,0
2014-08-05,265.086,0
2014-08-06,249.33353,0
2014-08-07,245.002,0
2014-08-08,242.3857,0
2014-08-09,239.90237,0
2014-08-10,234.0,0
2014-08-11,233.05925,0
2014-08-12,226.1743,0
2014-08-13,236.49551,0
2014-08-14,240.73985,0
2014-08-15,550.0,0
2014-08-16,491.6799,0
2014-08-17,400.0,0
2014-08-18,330.676,0
2014-08-19,308.9989,0
2014-08-20,306.97867,0
2014-08-21,274.65475,0
2014-08-22,260.34396,0
2014-08-23,269.33905,0
2014-08-24,258.0,0
2014-08-25,269.95206,0
2014-08-26,466.94797,0
2014-08-27,326.6908,0
2014-08-28,299.85553,0
2014-08-29,282.75687,0
2014-08-30,260.99094,0
2014-08-31,270.0,0
2014-09-01,274.68552,0
2014-09-02,291.50797,0
2014-09-03,283.92900000000003,0
2014-09-04,285.69586,0
2014-09-05,281.37717000000004,0
2014-09-06,274.24426,0
2014-09-07,273.0,0
2014-09-08,241.48688,0
2014-09-09,273.47638,0
2014-09-10,254.8122,0
2014-09-11,247.67476,0
2014-09-12,235.19925,0
2014-09-13,234.30104,0
2014-09-14,238.0,0
2014-09-15,229.40253,0
2014-09-16,224.42065,0
2014-09-17,244.0071,0
2014-09-18,246.65157,0
2014-09-19,244.18178,0
2014-09-20,256.99515,0
2014-09-21,365.0,0
2014-09-22,319.51663,0
2014-09-23,309.97946,0
2014-09-24,302.99072,0
2014-09-25,318.00165,0
2014-09-26,316.80948,0
2014-09-27,320.20596,0
2014-09-28,315.0,0
2014-09-29,293.737,0
2014-09-30,285.85617,0
2014-10-01,290.0,0
2014-10-02,280.0,0
2014-10-03,270.0,0
2014-10-04,273.92084,0
2014-10-05,272.0,0
2014-10-06,169.0,0
2014-10-07,264.4037,0
2014-10-08,258.8874,0
2014-10-09,257.582,0
2014-10-10,257.46674,0
2014-10-11,258.79678,0
2014-10-12,259.0,0
2014-10-13,256.3033,0
2014-10-14,252.23909,0
2014-10-15,251.79503,0
2014-10-16,247.05705,0
2014-10-17,245.68564,0
2014-10-18,242.73921,0
2014-10-19,242.0,0
2014-10-20,213.69695,0
2014-10-21,235.87502,0
2014-10-22,235.15233,0
2014-10-23,234.0,0
2014-10-24,234.61151,0
2014-10-25,225.27664,0
2014-10-26,220.0,0
2014-10-27,216.17282000000003,0
2014-10-28,211.12904,0
2014-10-29,217.75926,0
2014-10-30,202.93248,0
2014-10-31,125.412254,0
2014-11-01,117.47759,0
2014-11-02,116.5,0
2014-11-03,118.666,0
2014-11-04,116.0,0
2014-11-05,119.50622,0
2014-11-06,114.0,0
2014-11-07,116.09274,0
2014-11-08,112.72791,0
2014-11-09,112.5,0
2014-11-10,113.03954,0
2014-11-11,109.20284,0
2014-11-12,108.208755,0
2014-11-13,107.67065,0
2014-11-14,106.92658,0
2014-11-15,105.43011,0
2014-11-16,105.0,0
2014-11-17,106.192665,0
2014-11-18,103.58241,0
2014-11-19,101.39675,0
2014-11-20,99.71998,0
2014-11-21,100.1174,0
2014-11-22,100.14243,0
2014-11-23,98.0,0
2014-11-24,100.19438,0
2014-11-25,96.1759,0
2014-11-26,98.28865,0
2014-11-27,96.08621,0
2014-11-28,85.10663000000001,0
2014-11-29,95.575356,0
2014-11-30,95.0,0
2014-12-01,86.53189,0
2014-12-02,84.253784,0
2014-12-03,78.48836,0
2014-12-04,77.321815,0
2014-12-05,75.16448000000001,0
2014-12-06,74.26151999999999,0
2014-12-07,73.0,0
2014-12-08,78.58168,0
2014-12-09,70.27956,0
2014-12-10,69.24791,0
2014-12-11,68.06007,0
2014-12-12,67.72466999999999,0
2014-12-13,67.71656999999999,0
2014-12-14,65.0,0
2014-12-15,68.97391,0
2014-12-16,64.75851,0
2014-12-17,65.31129,0
2014-12-18,64.48001,0
2014-12-19,63.700584,0
2014-12-20,63.41236,0
2014-12-21,60.0,0
2014-12-22,57.075030000000005,0
2014-12-23,56.860935,0
2014-12-24,57.48925,0
2014-12-25,56.5,0
2014-12-26,56.462074,0
2014-12-27,55.78866,0
2014-12-28,55.5,0
2014-12-29,53.4013,0
2014-12-30,53.265335,0
2014-12-31,53.693363,0
2015-01-01,51.590343,0
2015-01-02,51.009026,0
2015-01-03,49.384243,0
2015-01-04,49.0,0
2015-01-05,52.701878,0
2015-01-06,49.230583,0
2015-01-07,56.24363,0
2015-01-08,51.893883,0
2015-01-09,51.1349,0
2015-01-10,50.59032,0
2015-01-11,52.0,0
2015-01-12,49.802155,0
2015-01-13,52.645695,0
2015-01-14,48.21652,0
2015-01-15,52.400177,0
2015-01-16,51.34139,0
2015-01-17,50.54359,0
2015-01-18,50.0,0
2015-01-19,50.502373,0
2015-01-20,49.79935,0
2015-01-21,49.21093,0
2015-01-22,49.2384,0
2015-01-23,49.022133,0
2015-01-24,48.50888,0
2015-01-25,48.0,0
2015-01-26,48.0,0
2015-01-27,47.97721,0
2015-01-28,48.114994,0
2015-01-29,47.324154,0
2015-01-30,47.64524,0
2015-01-31,47.708317,0
2015-02-01,47.0,0
2015-02-02,46.870426,0
2015-02-03,45.718,0
2015-02-04,41.58048,0
2015-02-05,41.595844,0
2015-02-06,41.737858,0
2015-02-07,40.24435,0
2015-02-08,41.0,0
2015-02-09,40.374695,0
2015-02-10,40.931858,0
2015-02-11,38.1145,0
2015-02-12,30.327078000000004,0
2015-02-13,29.693682,0
2015-02-14,29.772295,0
2015-02-15,29.0,0
2015-02-16,29.618862,0
2015-02-17,29.230614000000003,0
2015-02-18,28.912525,0
2015-02-19,28.860435,0
2015-02-20,29.865326,0
2015-02-21,29.553585,0
2015-02-22,29.5,0
2015-02-23,29.601213,0
2015-02-24,29.340292,0
2015-02-25,29.30226,0
2015-02-26,29.479979,0
2015-02-27,29.559076,0
2015-02-28,29.343819,0
2015-03-01,29.0,0
2015-03-02,29.105719,0
2015-03-03,28.955776,0
2015-03-04,30.58219,0
2015-03-05,30.589764,0
2015-03-06,30.0,0
2015-03-07,29.169811,0
2015-03-08,29.0,0
2015-03-09,29.144434000000004,0
2015-03-10,29.433077,0
2015-03-11,29.7181,0
2015-03-12,29.378965,0
2015-03-13,26.630678000000003,0
2015-03-14,24.612621,0
2015-03-15,25.0,0
2015-03-16,24.721048,0
2015-03-17,24.647972,0
2015-03-18,24.843496,0
2015-03-19,23.945309,0
2015-03-20,24.868383,0
2015-03-21,25.255232,0
2015-03-22,25.0,0
2015-03-23,25.25221,0
2015-03-24,25.395395,0
2015-03-25,25.627413,0
2015-03-26,25.451015,0
2015-03-27,25.37328,0
2015-03-28,26.0,0
2015-03-29,25.0,0
2015-03-30,25.711588,0
2015-03-31,25.981115,0
2015-04-01,30.302748,0
2015-04-02,32.0,0
2015-04-03,34.0,0
2015-04-04,29.610954,0
2015-04-05,29.0,0
2015-04-06,37.82032,1
2015-04-07,40.424152,0
2015-04-08,60.685215,0
2015-04-09,63.63649,0
2015-04-10,64.179016,0
2015-04-11,64.12671999999999,0
2015-04-12,63.0,0
2015-04-13,65.71661,0
2015-04-14,61.5,0
2015-04-15,62.012028,0
2015-04-16,66.34664000000001,0
2015-04-17,64.54196999999999,0
2015-04-18,68.616,0
2015-04-19,70.0,0
2015-04-20,78.39528,0
2015-04-21,75.87639,0
2015-04-22,75.3009,0
2015-04-23,69.60390500000001,0
2015-04-24,75.31878,0
2015-04-25,75.524475,0
2015-04-26,78.5,0
2015-04-27,77.613525,0
2015-04-28,77.478096,0
2015-04-29,86.2562,0
2015-04-30,83.55489,0
2015-05-01,81.08241,0
2015-05-02,115.258865,0
2015-05-03,105.0,0
2015-05-04,101.5,0
2015-05-05,96.84014,0
2015-05-06,82.78193,0
2015-05-07,93.03604,0
2015-05-08,93.05424,0
2015-05-09,91.0686,0
2015-05-10,93.0,0
2015-05-11,107.09467,0
2015-05-12,106.131,0
2015-05-13,111.59938,0
2015-05-14,107.15931,0
2015-05-15,193.95087,0
2015-05-16,324.5913,0
2015-05-17,280.0,0
2015-05-18,196.19894,0
2015-05-19,162.17522,0
2015-05-20,179.06284,0
2015-05-21,176.95146,0
2015-05-22,186.24936,0
2015-05-23,175.49065,0
2015-05-24,183.0,0
2015-05-25,180.42638,0
2015-05-26,188.0891,0
2015-05-27,224.45815,0
2015-05-28,182.48929,0
2015-05-29,176.38275,0
2015-05-30,176.11897,0
2015-05-31,329.0,0
2015-06-01,280.51276,0
2015-06-02,292.39584,0
2015-06-03,263.00247,0
2015-06-04,230.35414,0
2015-06-05,244.0368,0
2015-06-06,265.4743,0
2015-06-07,182.0,0
2015-06-08,249.8057,0
2015-06-09,273.81006,0
2015-06-10,239.37895,0
2015-06-11,398.57703,0
2015-06-12,376.75076,0
2015-06-13,686.96704,0
2015-06-14,506.0,0
2015-06-15,431.63138,0
2015-06-16,395.9066,0
2015-06-17,443.9924,0
2015-06-18,461.04507,0
2015-06-19,418.10825,0
2015-06-20,383.5867,0
2015-06-21,340.0,0
2015-06-22,303.64307,0
2015-06-23,329.76337,0
2015-06-24,368.46292,0
2015-06-25,320.7016,0
2015-06-26,316.99475,0
2015-06-27,312.09103,0
2015-06-28,330.0,0
2015-06-29,647.16547,0
2015-06-30,635.92395,0
2015-07-01,1446.2556,0
2015-07-02,387.5154,0
2015-07-03,383.53693,0
2015-07-04,364.0214,0
2015-07-05,378.0,0
2015-07-06,379.91998,0
2015-07-07,370.81555,0
2015-07-08,362.57343,0
2015-07-09,354.0222,0
2015-07-10,362.01477,0
2015-07-11,556.5771,0
2015-07-12,545.0,0
2015-07-13,535.97485,0
2015-07-14,515.22906,0
2015-07-15,543.7148,0
2015-07-16,532.6086,0
2015-07-17,529.4448,0
2015-07-18,450.0,0
2015-07-19,490.0,0
2015-07-20,521.7466400000001,0
2015-07-21,512.3302,0
2015-07-22,510.49796,0
2015-07-23,705.8112,0
2015-07-24,596.13873,0
2015-07-25,626.5544,0
2015-07-26,610.5,0
2015-07-27,474.42938,0
2015-07-28,460.14496,0
2015-07-29,475.3741,0
2015-07-30,447.13406,0
2015-07-31,459.17325,0
2015-08-01,456.43393,0
2015-08-02,449.0,0
2015-08-03,487.74524,0
2015-08-04,445.6263,0
2015-08-05,606.6152,0
2015-08-06,614.7896,0
2015-08-07,542.7003,0
2015-08-08,516.9381,0
2015-08-09,506.0,0
2015-08-10,506.41098,0
2015-08-11,502.31836,0
2015-08-12,447.46634000000006,0
2015-08-13,445.8215,0
2015-08-14,441.5437,0
2015-08-15,434.0,0
2015-08-16,433.0,0
2015-08-17,587.9667400000001,0
2015-08-18,473.54205,0
2015-08-19,506.7636,0
2015-08-20,515.8653,0
2015-08-21,497.34244,0
2015-08-22,464.5680200000001,0
2015-08-23,433.0,0
2015-08-24,470.55597,0
2015-08-25,444.36926,0
2015-08-26,426.62863,0
2015-08-27,460.12137,0
2015-08-28,699.2968,0
2015-08-29,558.01166,0
2015-08-30,540.0,0
2015-08-31,540.69763,0
2015-09-01,600.66693,0
2015-09-02,543.1679,0
2015-09-03,511.1617,0
2015-09-04,512.3886,0
2015-09-05,575.39905,0
2015-09-06,508.0,0
2015-09-07,510.73035,0
2015-09-08,493.0657,0
2015-09-09,481.77484,0
2015-09-10,483.49402,0
2015-09-11,461.6013,0
2015-09-12,453.87,0
2015-09-13,439.0,0
2015-09-14,337.0812,0
2015-09-15,355.65683,0
2015-09-16,352.19962000000004,0
2015-09-17,341.26694,0
2015-09-18,336.1029,0
2015-09-19,339.9812,0
2015-09-20,398.0,0
2015-09-21,598.8631,0
2015-09-22,529.4984,0
2015-09-23,526.86847,0
2015-09-24,521.4072,0
2015-09-25,516.0,0
2015-09-26,477.41464,0
2015-09-27,468.0,0
2015-09-28,466.64777,0
2015-09-29,441.82352,0
2015-09-30,436.0506,0
2015-10-01,355.07712000000004,0
2015-10-02,350.0,0
2015-10-03,339.05847,0
2015-10-04,330.0,0
2015-10-05,328.1926,0
2015-10-06,317.88077000000004,0
2015-10-07,320.27463,0
2015-10-08,321.98654,0
2015-10-09,321.73462,0
2015-10-10,317.35648,0
2015-10-11,319.0,0
2015-10-12,321.16928,0
2015-10-13,317.34402,0
2015-10-14,313.9956,0
2015-10-15,278.50482,0
2015-10-16,280.23227,0
2015-10-17,278.83267,0
2015-10-18,280.0,0
2015-10-19,279.90182000000004,0
2015-10-20,274.70718,0
2015-10-21,268.0,0
2015-10-22,266.5,0
2015-10-23,265.80786,0
2015-10-24,267.5,0
2015-10-25,264.0,0
2015-10-26,261.79632999999995,0
2015-10-27,259.8274,0
2015-10-28,244.61188,0
2015-10-29,234.63983,0
2015-10-30,229.32394,0
2015-10-31,229.02142,0
2015-11-01,233.0,0
2015-11-02,225.07277,0
2015-11-03,224.63176,0
2015-11-04,224.68294,0
2015-11-05,223.18802,0
2015-11-06,218.65889,0
2015-11-07,217.384,0
2015-11-08,215.0,0
2015-11-09,211.3713,0
2015-11-10,208.47147,0
2015-11-11,208.0,0
2015-11-12,202.61397,0
2015-11-13,195.83965,0
2015-11-14,195.54936,0
2015-11-15,196.0,0
2015-11-16,196.04599,0
2015-11-17,193.78648,0
2015-11-18,191.13667,0
2015-11-19,193.63391,0
2015-11-20,196.62016,0
2015-11-21,189.38269,0
2015-11-22,186.0,0
2015-11-23,186.57837,0
2015-11-24,146.92479,0
2015-11-25,144.0,0
2015-11-26,145.04398,0
2015-11-27,118.03101,0
2015-11-28,118.432686,0
2015-11-29,118.0,0
2015-11-30,118.483955,0
2015-12-01,117.57986499999998,0
2015-12-02,116.18237,0
2015-12-03,116.716866,0
2015-12-04,125.25926,0
2015-12-05,123.816635,0
2015-12-06,123.0,0
2015-12-07,122.791145,0
2015-12-08,119.83723,0
2015-12-09,109.72526,0
2015-12-10,109.696014,0
2015-12-11,110.54406000000002,0
2015-12-12,105.119415,0
2015-12-13,103.0,0
2015-12-14,105.768,0
2015-12-15,104.778595,0
2015-12-16,102.06862,0
2015-12-17,100.662,0
2015-12-18,100.04053,0
2015-12-19,98.74342,0
2015-12-20,97.82,0
2015-12-21,98.161415,0
2015-12-22,96.5018,0
2015-12-23,96.793144,0
2015-12-24,95.0,0
2015-12-25,97.0,0
2015-12-26,97.310005,0
2015-12-27,97.0,0
2015-12-28,96.97904,0
2015-12-29,95.78653,0
2015-12-30,95.838196,0
2015-12-31,95.576164,0
2016-01-01,90.77461,0
2016-01-02,91.26572,0
2016-01-03,90.0,0
2016-01-04,89.189995,0
2016-01-05,88.47778000000001,0
2016-01-06,89.06669000000001,0
2016-01-07,87.926636,0
2016-01-08,87.59184,0
2016-01-09,90.08118,0
2016-01-10,89.0,0
2016-01-11,89.79901,0
2016-01-12,87.986885,0
2016-01-13,75.38861,0
2016-01-14,75.26099,0
2016-01-15,75.13042,0
2016-01-16,74.70438399999999,0
2016-01-17,74.0,0
2016-01-18,74.9283,0
2016-01-19,72.3125,0
2016-01-20,74.103264,0
2016-01-21,74.20747,0
2016-01-22,70.24842,0
2016-01-23,69.98478,0
2016-01-24,70.0,0
2016-01-25,70.98326,0
2016-01-26,70.0,0
2016-01-27,70.5612,0
2016-01-28,68.84662,0
2016-01-29,67.85606,0
2016-01-30,67.7228,0
2016-01-31,67.0,0
2016-02-01,67.94624,0
2016-02-02,67.68056,0
2016-02-03,66.83718,0
2016-02-04,54.726048,0
2016-02-05,54.995514,0
2016-02-06,54.269142,0
2016-02-07,54.0,0
2016-02-08,53.26076,0
2016-02-09,52.990772,0
2016-02-10,53.008125,0
2016-02-11,52.824905,0
2016-02-12,51.793922,0
2016-02-13,51.84478,0
2016-02-14,52.0,0
2016-02-15,52.443104000000005,0
2016-02-16,51.68889,0
2016-02-17,50.117104,0
2016-02-18,49.26455,0
2016-02-19,48.78738,0
2016-02-20,47.729534,0
2016-02-21,48.0,0
2016-02-22,48.327255,0
2016-02-23,48.19808,0
2016-02-24,47.277454,0
2016-02-25,46.51151,0
2016-02-26,46.22724,0
2016-02-27,45.957657,0
2016-02-28,46.0,0
2016-02-29,46.056393,0
2016-03-01,44.8638,0
2016-03-02,45.02488,0
2016-03-03,43.772457,0
2016-03-04,43.143986,0
2016-03-05,42.723488,0
2016-03-06,43.0,0
2016-03-07,43.03502,0
2016-03-08,43.164574,0
2016-03-09,44.483707,0
2016-03-10,44.173367,0
2016-03-11,44.05599,0
2016-03-12,42.047626,0
2016-03-13,43.0,0
2016-03-14,43.414906,0
2016-03-15,39.843086,0
2016-03-16,43.27104,0
2016-03-17,42.267082,0
2016-03-18,42.231724,0
2016-03-19,42.397224,0
2016-03-20,42.0,0
2016-03-21,41.899277000000005,0
2016-03-22,41.64802,0
2016-03-23,41.61713,0
2016-03-24,43.0,0
2016-03-25,43.0,0
2016-03-26,42.84215,0
2016-03-27,44.0,0
2016-03-28,47.039715,0
2016-03-29,49.0064,0
2016-03-30,46.755806,0
2016-03-31,47.403255,0
2016-04-01,47.40112,0
2016-04-02,45.234783,0
2016-04-03,47.0,0
2016-04-04,49.711304,0
2016-04-05,50.23983,0
2016-04-06,64.03359,0
2016-04-07,62.797123,0
2016-04-08,61.84150699999999,0
2016-04-09,54.4674,0
2016-04-10,54.0,0
2016-04-11,55.61852,0
2016-04-12,58.698097,0
2016-04-13,57.187954000000005,0
2016-04-14,56.019108,0
2016-04-15,59.0,0
2016-04-16,57.480217,0
2016-04-17,58.0,0
2016-04-18,56.959293,0
2016-04-19,58.20275,0
2016-04-20,59.0,0
2016-04-21,132.4438,0
2016-04-22,90.59961,0
2016-04-23,85.42556,0
2016-04-24,83.0,0
2016-04-25,82.736626,0
2016-04-26,80.94685,0
2016-04-27,63.615190000000005,0
2016-04-28,59.51576,0
2016-04-29,66.26784,0
2016-04-30,61.07119399999999,0
2016-05-01,63.0,0
2016-05-02,60.978954,0
2016-05-03,58.591457,0
2016-05-04,60.076054000000006,0
2016-05-05,58.499157,0
2016-05-06,56.79563,0
2016-05-07,57.26169599999999,0
2016-05-08,56.0,0
2016-05-09,55.351944,0
2016-05-10,55.188362,0
2016-05-11,55.578625,0
2016-05-12,56.122974,0
2016-05-13,58.154175,0
2016-05-14,62.432335,0
2016-05-15,62.0,0
2016-05-16,218.39316,0
2016-05-17,203.62335,0
2016-05-18,202.63756,0
2016-05-19,191.78468,0
2016-05-20,180.42828,0
2016-05-21,192.0,0
2016-05-22,188.0,0
2016-05-23,181.62799,0
2016-05-24,161.00718999999998,0
2016-05-25,170.37961,0
2016-05-26,140.1449,0
2016-05-27,140.07404,0
2016-05-28,132.98897,0
2016-05-29,136.0,0
2016-05-30,137.29243,0
2016-05-31,181.0514,0
2016-06-01,148.20903,0
2016-06-02,128.7109,0
2016-06-03,131.98012,0
2016-06-04,144.76357,0
2016-06-05,144.0,0
2016-06-06,144.12308000000002,0
2016-06-07,144.57596999999998,0
2016-06-08,196.25056,0
2016-06-09,181.17119,0
2016-06-10,181.78845,0
2016-06-11,180.35623,0
2016-06-12,168.0,0
2016-06-13,269.72144,0
2016-06-14,276.76657,0
2016-06-15,251.27728,0
2016-06-16,252.71924,0
2016-06-17,225.56499,0
2016-06-18,233.19609,0
2016-06-19,285.0,0
2016-06-20,279.6214,0
2016-06-21,368.32263,0
2016-06-22,373.71225,0
2016-06-23,371.46628,0
2016-06-24,395.19113,0
2016-06-25,360.74298,0
2016-06-26,320.0,0
2016-06-27,310.8277,0
2016-06-28,283.52475,0
2016-06-29,336.2338,0
2016-06-30,362.9794,0
2016-07-01,415.06662,0
2016-07-02,361.4403,0
2016-07-03,377.0,0
2016-07-04,368.5114,0
2016-07-05,369.86948,0
2016-07-06,362.01166,0
2016-07-07,369.0,0
2016-07-08,445.18152,0
2016-07-09,424.75626,0
2016-07-10,460.0,0
2016-07-11,443.88373,0
2016-07-12,485.9413,0
2016-07-13,458.44885,0
2016-07-14,395.66873,0
2016-07-15,507.43817,0
2016-07-16,557.45795,0
2016-07-17,588.0,0
2016-07-18,575.1093,0
2016-07-19,601.2172,0
2016-07-20,726.7174,0
2016-07-21,642.4874,0
2016-07-22,1132.2219,0
2016-07-23,843.5135,0
2016-07-24,1116.0,0
2016-07-25,879.0722,0
2016-07-26,845.1286,0
2016-07-27,754.4407,0
2016-07-28,673.95874,0
2016-07-29,655.6848,0
2016-07-30,681.4007,0
2016-07-31,547.0,0
2016-08-01,513.47003,0
2016-08-02,527.63995,0
2016-08-03,481.3975,0
2016-08-04,483.05853,0
2016-08-05,454.1113,0
2016-08-06,460.13025,0
2016-08-07,450.0,0
2016-08-08,393.37164,0
2016-08-09,460.96335,0
2016-08-10,463.88654,0
2016-08-11,445.37314,0
2016-08-12,436.62994,0
2016-08-13,439.35492,0
2016-08-14,443.0,0
2016-08-15,443.0,0
2016-08-16,436.36298,0
2016-08-17,438.48932,0
2016-08-18,421.07126,0
2016-08-19,323.52567,0
2016-08-20,377.87375,0
2016-08-21,335.0,0
2016-08-22,334.36484,0
2016-08-23,315.05334,0
2016-08-24,321.93134,0
2016-08-25,332.3272,0
2016-08-26,316.3088,0
2016-08-27,319.12775,0
2016-08-28,315.1,0
2016-08-29,307.99887,0
2016-08-30,317.9986,0
2016-08-31,324.97394,0
2016-09-01,324.5626,0
2016-09-02,330.0312,0
2016-09-03,449.85965,0
2016-09-04,455.0,0
2016-09-05,477.87628,0
2016-09-06,476.01337,0
2016-09-07,469.26135,0
2016-09-08,470.2032,0
2016-09-09,452.70587,0
2016-09-10,470.8304,0
2016-09-11,477.0,0
2016-09-12,473.35593,0
2016-09-13,471.0,0
2016-09-14,422.90323,0
2016-09-15,429.1127,0
2016-09-16,427.14035,0
2016-09-17,432.19583,0
2016-09-18,443.0,0
2016-09-19,439.27185,0
2016-09-20,438.88455,0
2016-09-21,493.01047,0
2016-09-22,503.55978,0
2016-09-23,494.2555200000001,0
2016-09-24,488.15958,0
2016-09-25,492.0,0
2016-09-26,546.2765,0
2016-09-27,551.5543,0
2016-09-28,522.9707599999999,0
2016-09-29,549.2344400000001,0
2016-09-30,524.1255,0
2016-10-01,481.4842,0
2016-10-02,490.0,0
2016-10-03,480.056,0
2016-10-04,439.31302,0
2016-10-05,444.62463,0
2016-10-06,442.74826,0
2016-10-07,412.76956,0
2016-10-08,423.62384,0
2016-10-09,417.0,0
2016-10-10,412.0,0
2016-10-11,412.0,0
2016-10-12,856.0,0
2016-10-13,674.2887,0
2016-10-14,835.99493,0
2016-10-15,705.60114,0
2016-10-16,700.0,0
2016-10-17,643.31104,0
2016-10-18,525.4412,0
2016-10-19,485.1368,0
2016-10-20,510.81348,0
2016-10-21,503.72748,0
2016-10-22,479.6459,0
2016-10-23,480.0,0
2016-10-24,440.8149,0
2016-10-25,436.70053,0
2016-10-26,434.51367,0
2016-10-27,347.05963,0
2016-10-28,348.85992000000005,0
2016-10-29,341.72833,0
2016-10-30,342.0,0
2016-10-31,328.4616,0
2016-11-01,327.06177,0
2016-11-02,323.15005,0
2016-11-03,295.20596,0
2016-11-04,295.01303,0
2016-11-05,291.8426,0
2016-11-06,293.0,0
2016-11-07,277.86133,0
2016-11-08,284.32147000000003,0
2016-11-09,284.40436,0
2016-11-10,286.4926,0
2016-11-11,274.99588,0
2016-11-12,261.87134,0
2016-11-13,260.0,0
2016-11-14,255.0,0
2016-11-15,154.05652,0
2016-11-16,155.98938,0
2016-11-17,153.54259,0
2016-11-18,153.40765,0
2016-11-19,150.9734,0
2016-11-20,150.0,0
2016-11-21,149.71704,0
2016-11-22,149.77092,0
2016-11-23,148.60686,0
2016-11-24,148.03703000000002,0
2016-11-25,144.99883,0
2016-11-26,140.3592,0
2016-11-27,140.0,0
2016-11-28,136.08269,0
2016-11-29,133.20825,0
2016-11-30,132.06476999999998,0
2016-12-01,130.30501,0
2016-12-02,129.02313,0
2016-12-03,127.17975,0
2016-12-04,128.0,0
2016-12-05,123.62261,0
2016-12-06,82.9454,0
2016-12-07,81.09493,0
2016-12-08,80.76405,0
2016-12-09,79.05211,0
2016-12-10,78.98297,0
2016-12-11,79.0,0
2016-12-12,79.0,0
2016-12-13,78.61457,0
2016-12-14,78.6651,0
2016-12-15,76.81201,0
2016-12-16,75.57639,0
2016-12-17,72.98793,0
2016-12-18,75.0,0
2016-12-19,73.57535,0
2016-12-20,72.32144,0
2016-12-21,70.82094599999999,0
2016-12-22,71.04288000000001,0
2016-12-23,71.65909599999999,0
2016-12-24,68.86928,0
2016-12-25,73.0,0
2016-12-26,68.77224,0
2016-12-27,67.8981,0
2016-12-28,64.77104,0
2016-12-29,69.887955,0
2016-12-30,66.69121,0
2016-12-31,69.658485,0
2017-01-01,71.0,0
2017-01-02,68.44024,0
2017-01-03,67.95975,0
2017-01-04,67.52099,0
2017-01-05,68.07708000000001,0
2017-01-06,50.055508,0
2017-01-07,52.91161999999999,0
2017-01-08,54.0,0
2017-01-09,52.129284000000006,0
2017-01-10,51.626637,0
2017-01-11,49.932808,0
2017-01-12,49.42378,0
2017-01-13,48.941452000000005,0
2017-01-14,50.123898,0
2017-01-15,50.0,0
2017-01-16,47.24664,0
2017-01-17,46.624027000000005,0
2017-01-18,47.405563,0
2017-01-19,46.795425,0
2017-01-20,47.07735,0
2017-01-21,46.64655,0
2017-01-22,45.5,0
2017-01-23,44.797096,0
2017-01-24,41.22815,0
2017-01-25,40.91193,0
2017-01-26,42.0,0
2017-01-27,40.918583,0
2017-01-28,41.07633,0
2017-01-29,40.0,0
2017-01-30,41.151745,0
2017-01-31,40.87218,0
2017-02-01,41.5,0
2017-02-02,40.73727,0
2017-02-03,40.22512,0
2017-02-04,39.37927,0
2017-02-05,40.6,0
2017-02-06,39.285313,0
2017-02-07,38.629337,0
2017-02-08,38.855732,0
2017-02-09,38.902,0
2017-02-10,39.294865,0
2017-02-11,37.957973,0
2017-02-12,41.0,0
2017-02-13,39.10317,0
2017-02-14,38.61223,0
2017-02-15,37.381454,0
2017-02-16,38.318806,0
2017-02-17,36.706646,0
2017-02-18,37.757336,0
2017-02-19,39.0,0
2017-02-20,33.349909999999994,0
2017-02-21,33.622032,0
2017-02-22,34.73013,0
2017-02-23,35.644141999999995,0
2017-02-24,34.597202,0
2017-02-25,34.032555,0
2017-02-26,33.0,0
2017-02-27,34.304103999999995,0
2017-02-28,31.733776,0
2017-03-01,31.732447,0
2017-03-02,31.067183,0
2017-03-03,31.012133,0
2017-03-04,31.069845,0
2017-03-05,32.0,0
2017-03-06,31.239338,0
2017-03-07,31.050758,0
2017-03-08,30.627048,0
2017-03-09,31.261469,0
2017-03-10,30.604053000000004,0
2017-03-11,31.847597,0
2017-03-12,34.0,0
2017-03-13,32.5,0
2017-03-14,31.652937,0
2017-03-15,34.903027,0
2017-03-16,35.36985,0
2017-03-17,34.422123,0
2017-03-18,35.810287,0
2017-03-19,36.0,0
2017-03-20,34.567585,0
2017-03-21,33.575886,0
2017-03-22,33.99218,0
2017-03-23,33.893723,0
2017-03-24,33.235214,0
2017-03-25,35.56151,0
2017-03-26,33.5,0
2017-03-27,37.26907,1
2017-03-28,36.140823,0
2017-03-29,35.57281,0
2017-03-30,37.128044,0
2017-03-31,35.122368,0
2017-04-01,39.910564,0
2017-04-02,83.0,0
2017-04-03,57.9437,0
2017-04-04,62.1474,0
2017-04-05,76.125626,0
2017-04-06,77.21385,0
2017-04-07,78.00458499999999,0
2017-04-08,75.6,0
2017-04-09,75.0,0
2017-04-10,76.83109,0
2017-04-11,70.377655,0
2017-04-12,70.46851,0
2017-04-13,61.78376,0
2017-04-14,60.0,0
2017-04-15,58.620914,0
2017-04-16,61.0,0
2017-04-17,62.325993,0
2017-04-18,55.044853,0
2017-04-19,55.614273,0
2017-04-20,56.24176800000001,0
2017-04-21,54.62732,0
2017-04-22,56.887222,0
2017-04-23,61.0,0
2017-04-24,60.20853,0
2017-04-25,65.17596999999999,0
2017-04-26,71.94929499999999,0
2017-04-27,68.639465,0
2017-04-28,67.47151,0
2017-04-29,68.96921999999999,0
2017-04-30,70.0,0
2017-05-01,73.3661,0
2017-05-02,76.215355,0
2017-05-03,77.483154,0
2017-05-04,77.9922,0
2017-05-05,86.39766999999999,0
2017-05-06,85.57596,0
2017-05-07,101.0,0
2017-05-08,86.9978,0
2017-05-09,88.95528399999999,0
2017-05-10,106.765526,0
2017-05-11,111.25429,0
2017-05-12,111.937096,0
2017-05-13,111.309906,0
2017-05-14,105.8,0
2017-05-15,105.68547,0
2017-05-16,141.80113,0
2017-05-17,137.87877,0
2017-05-18,131.83893,0
2017-05-19,138.52925,0
2017-05-20,114.22932,0
2017-05-21,132.5,0
2017-05-22,134.83518999999998,0
2017-05-23,129.98788000000002,0
2017-05-24,128.06891000000002,0
2017-05-25,132.3847,0
2017-05-26,113.1276,0
2017-05-27,116.46238,0
2017-05-28,115.5,0
2017-05-29,114.80763,0
2017-05-30,121.268425,0
2017-05-31,128.59033,0
2017-06-01,130.2472,0
2017-06-02,135.09271,0
2017-06-03,130.3588,0
2017-06-04,123.00081000000002,0
2017-06-05,122.5,0
2017-06-06,123.24667,0
2017-06-07,122.454666,0
2017-06-08,120.01461,0
2017-06-09,120.750404,0
2017-06-10,118.725655,0
2017-06-11,118.0,0
2017-06-12,131.34401,0
2017-06-13,188.26811,0
2017-06-14,173.51553,0
2017-06-15,161.44464,0
2017-06-16,156.38092,0
2017-06-17,138.62042,0
2017-06-18,149.0,0
2017-06-19,159.63661000000002,0
2017-06-20,220.49997,0
2017-06-21,224.86467,0
2017-06-22,237.69365,0
2017-06-23,240.18993,0
2017-06-24,218.45462,0
2017-06-25,208.0,0
2017-06-26,206.0,0
2017-06-27,237.50699,0
2017-06-28,272.00674,0
2017-06-29,269.92148,0
2017-06-30,278.12506,0
2017-07-01,369.49167,0
2017-07-02,345.0,0
2017-07-03,336.26672,0
2017-07-04,330.68335,0
2017-07-05,321.14136,0
2017-07-06,513.83984,0
2017-07-07,503.44022,0
2017-07-08,536.3454,0
2017-07-09,1456.0,0
2017-07-10,932.3979,0
2017-07-11,861.5819,0
2017-07-12,828.9357,0
2017-07-13,605.3631,0
2017-07-14,475.41733,0
2017-07-15,536.54645,0
2017-07-16,526.0,0
2017-07-17,560.0978,0
2017-07-18,476.43338,0
2017-07-19,463.18445,0
2017-07-20,476.21896,0
2017-07-21,481.1883,0
2017-07-22,474.17996,0
2017-07-23,478.0,0
2017-07-24,412.29373,0
2017-07-25,410.90247,0
2017-07-26,400.35342,0
2017-07-27,389.05124,0
2017-07-28,415.58633,0
2017-07-29,448.51938,0
2017-07-30,428.0,0
2017-07-31,423.1942,0
2017-08-01,456.88586,0
2017-08-02,413.70648,0
2017-08-03,465.61743,0
2017-08-04,453.91754,0
2017-08-05,348.2013,0
2017-08-06,404.0,0
2017-08-07,533.1564,0
2017-08-08,637.1,0
2017-08-09,619.2782599999999,0
2017-08-10,657.74005,0
2017-08-11,933.02527,0
2017-08-12,1540.6796,0
2017-08-13,1020.5,0
2017-08-14,864.0369999999999,0
2017-08-15,748.0,0
2017-08-16,767.1766,0
2017-08-17,583.0461,0
2017-08-18,524.3712,0
2017-08-19,521.3954,0
2017-08-20,537.0,0
2017-08-21,537.3997,0
2017-08-22,651.21185,0
2017-08-23,599.4179,0
2017-08-24,405.7456,0
2017-08-25,395.92786,0
2017-08-26,404.76114,0
2017-08-27,405.0,0
2017-08-28,405.73514,0
2017-08-29,414.15512,0
2017-08-30,408.8541,0
2017-08-31,427.71667,0
2017-09-01,401.96948,0
2017-09-02,411.0,0
2017-09-03,465.61743,0
2017-09-04,408.02878,0
2017-09-05,486.72263,0
2017-09-06,608.1025400000001,0
2017-09-07,580.077,0
2017-09-08,492.3068,0
2017-09-09,634.4116,0
2017-09-10,627.0,0
2017-09-11,514.1831,0
2017-09-12,578.0415,0
2017-09-13,527.75824,0
2017-09-14,540.4587,0
2017-09-15,411.36856,0
2017-09-16,408.35608,0
2017-09-17,412.0,0
2017-09-18,414.4001,0
2017-09-19,414.324,0
2017-09-20,408.36557,0
2017-09-21,553.3992,0
2017-09-22,377.28094,0
2017-09-23,425.08466,0
2017-09-24,414.0,0
2017-09-25,408.3787,0
2017-09-26,383.974,0
2017-09-27,348.96472,0
2017-09-28,339.0,0
2017-09-29,365.20303,0
2017-09-30,374.0,0
2017-10-01,370.0,0
2017-10-02,368.0,0
2017-10-03,356.3796,0
2017-10-04,357.57666,0
2017-10-05,261.3464,0
2017-10-06,260.43686,0
2017-10-07,263.19534,0
2017-10-08,260.0,0
2017-10-09,262.66700000000003,0
2017-10-10,253.39926,0
2017-10-11,261.59,0
2017-10-12,261.9209,0
2017-10-13,255.9566,0
2017-10-14,248.12494,0
2017-10-15,254.0,0
2017-10-16,256.0175,0
2017-10-17,212.7553,0
2017-10-18,204.93605,0
2017-10-19,203.5,0
2017-10-20,201.78043,0
2017-10-21,199.83636,0
2017-10-22,202.0,0
2017-10-23,200.4894,0
2017-10-24,195.8644,0
2017-10-25,185.44577,0
2017-10-26,182.69577,0
2017-10-27,176.37808,0
2017-10-28,175.9738,0
2017-10-29,142.0,0
2017-10-30,169.38211,0
2017-10-31,166.87585,0
2017-11-01,164.8096,0
2017-11-02,164.11945,0
2017-11-03,161.91315,0
2017-11-04,160.0,0
2017-11-05,158.5,0
2017-11-06,100.53432,0
2017-11-07,99.92092,0
2017-11-08,101.0176,0
2017-11-09,103.5237,0
2017-11-10,88.24035,0
2017-11-11,87.38320999999999,0
2017-11-12,86.5,0
2017-11-13,85.19593,0
2017-11-14,84.49165,0
2017-11-15,84.12151999999999,0
2017-11-16,82.66208,0
2017-11-17,81.44253,0
2017-11-18,81.64575,0
2017-11-19,79.7,0
2017-11-20,80.69686,0
2017-11-21,77.993004,0
2017-11-22,78.02031,0
2017-11-23,77.18616,0
2017-11-24,76.68975,0
2017-11-25,76.73823,0
2017-11-26,74.0,0
2017-11-27,69.342026,0
2017-11-28,69.63085,0
2017-11-29,69.13425,0
2017-11-30,67.46146,0
2017-12-01,68.72378,0
2017-12-02,66.0,0
2017-12-03,64.5,0
2017-12-04,66.53144,0
2017-12-05,59.642212,0
2017-12-06,61.76011999999999,0
2017-12-07,50.515926,0
2017-12-08,59.498547,0
2017-12-09,59.097725,0
2017-12-10,60.0,0
2017-12-11,58.677746,0
2017-12-12,59.730835,0
2017-12-13,58.510696,0
2017-12-14,59.126430000000006,0
2017-12-15,58.72894,0
2017-12-16,58.11588,0
2017-12-17,57.0,0
2017-12-18,57.993458,0
2017-12-19,58.57471,0
2017-12-20,58.41356,0
2017-12-21,53.900085,0
2017-12-22,52.193657,0
2017-12-23,51.945465000000006,0
2017-12-24,50.5,0
2017-12-25,52.0,0
2017-12-26,51.167446000000005,0
2017-12-27,51.050873,0
2017-12-28,50.680890000000005,0
2017-12-29,40.421215,0
2017-12-30,40.881584,0
2017-12-31,41.0,0
2018-01-01,42.437202,0
2018-01-02,41.731438,0
2018-01-03,45.301018,0
2018-01-04,41.98422,0
2018-01-05,41.79897,0
2018-01-06,41.30491,0
2018-01-07,41.0,0
2018-01-08,40.855213,0
2018-01-09,41.4832,0
2018-01-10,41.24715,0
2018-01-11,41.01653,0
2018-01-12,39.96272,0
2018-01-13,40.02657,0
2018-01-14,40.0,0
2018-01-15,40.082108000000005,0
2018-01-16,39.922276,0
2018-01-17,37.98103,0
2018-01-18,38.336308,0
2018-01-19,36.73215,0
2018-01-20,36.48652,0
2018-01-21,38.0,0
2018-01-22,37.5,0
2018-01-23,36.661488,0
2018-01-24,37.369194,0
2018-01-25,37.20155,0
2018-01-26,38.0,0
2018-01-27,38.01573,0
2018-01-28,38.0,0
2018-01-29,32.176872,0
2018-01-30,33.552616,0
2018-01-31,34.66552,0
2018-02-01,34.462753,0
2018-02-02,33.888702,0
2018-02-03,33.80529,0
2018-02-04,34.0,0
2018-02-05,34.021782,0
2018-02-06,33.946228000000005,0
2018-02-07,33.300340000000006,0
2018-02-08,32.98503,0
2018-02-09,32.746742,0
2018-02-10,32.909847,0
2018-02-11,32.5,0
2018-02-12,32.33275,0
2018-02-13,31.504711,0
2018-02-14,31.332685,0
2018-02-15,29.116972,0
2018-02-16,29.354637,0
2018-02-17,29.346571,0
2018-02-18,29.5,0
2018-02-19,29.044514000000003,0
2018-02-20,29.312489000000003,0
2018-02-21,29.80241,0
2018-02-22,29.496792,0
2018-02-23,29.14983,0
2018-02-24,24.380611,0
2018-02-25,25.0,0
2018-02-26,24.414293,0
2018-02-27,24.19638,0
2018-02-28,23.702894,0
2018-03-01,26.87077,0
2018-03-02,26.5,0
2018-03-03,31.31763,0
2018-03-04,29.5,0
2018-03-05,30.80326,0
2018-03-06,40.23776,1
2018-03-07,37.994778,0
2018-03-08,32.0806,0
2018-03-09,30.870432,0
2018-03-10,30.883457,0
2018-03-11,31.0,0
2018-03-12,31.445602,0
2018-03-13,37.855347,0
2018-03-14,31.10411,0
2018-03-15,30.41493,0
2018-03-16,28.473421,0
2018-03-17,30.604074,0
2018-03-18,28.5,0
2018-03-19,28.704473,0
2018-03-20,28.847857,0
2018-03-21,29.330666,0
2018-03-22,27.983837,0
2018-03-23,27.604548,0
2018-03-24,27.603567,0
2018-03-25,30.5,0
2018-03-26,30.07998,0
2018-03-27,28.801182,0
2018-03-28,30.927821999999995,0
2018-03-29,28.0,0
2018-03-30,31.5,0
2018-03-31,30.370785,0
2018-04-01,30.0,0
2018-04-02,30.544394,0
2018-04-03,30.007101,0
2018-04-04,29.501871,0
2018-04-05,27.313051,0
2018-04-06,27.132793,0
2018-04-07,26.631798,0
2018-04-08,27.0,0
2018-04-09,26.78322,0
2018-04-10,27.34632,0
2018-04-11,28.994352000000003,0
2018-04-12,30.981728000000004,0
2018-04-13,33.777866,0
2018-04-14,35.664753000000005,0
2018-04-15,36.0,0
2018-04-16,33.729275,0
2018-04-17,33.302765,0
2018-04-18,36.746284,0
2018-04-19,36.097904,0
2018-04-20,35.23088,0
2018-04-21,39.762554,1
2018-04-22,38.5,0
2018-04-23,60.914425,0
2018-04-24,57.885345,0
2018-04-25,58.093197,0
2018-04-26,59.06281,0
2018-04-27,57.64386700000001,0
2018-04-28,56.014183,0
2018-04-29,56.5,0
2018-04-30,60.0,0
2018-05-01,63.599915,0
2018-05-02,61.88588000000001,0
2018-05-03,63.914074,0
2018-05-04,62.676575,0
2018-05-05,60.906265000000005,0
2018-05-06,64.0,0
2018-05-07,66.386925,0
2018-05-08,66.134445,0
2018-05-09,69.59553000000001,0
2018-05-10,71.63951999999999,0
2018-05-11,71.22800000000001,0
2018-05-12,97.36415,0
2018-05-13,96.0,0
2018-05-14,91.15386,0
2018-05-15,102.08519,0
2018-05-16,95.675735,0
2018-05-17,94.547424,0
2018-05-18,94.78387,0
2018-05-19,95.69815,0
2018-05-20,98.0,0
2018-05-21,106.90804,0
2018-05-22,99.73299,0
2018-05-23,135.32869,0
2018-05-24,197.15457,0
2018-05-25,164.17545,0
2018-05-26,155.07788,0
2018-05-27,155.0,0
2018-05-28,153.22546,0
2018-05-29,167.26613999999998,0
2018-05-30,144.90764,0
2018-05-31,141.57013,0
2018-06-01,138.52092,0
2018-06-02,138.553,0
2018-06-03,135.5,0
2018-06-04,138.325,0
2018-06-05,134.401,0
2018-06-06,137.069,0
2018-06-07,141.939,0
2018-06-08,137.431,0
2018-06-09,123.543,0
2018-06-10,123.0,0
2018-06-11,131.79,0
2018-06-12,136.274,0
2018-06-13,179.998,0
2018-06-14,179.399,0
2018-06-15,200.137,0
2018-06-16,202.5,0
2018-06-17,294.64,0
2018-06-18,261.48400000000004,0
2018-06-19,246.395,0
2018-06-20,246.13,0
2018-06-21,246.048,0
2018-06-22,248.469,0
2018-06-23,311.244,0
2018-06-24,312.14,0
2018-06-25,331.791,0
2018-06-26,313.03700000000003,0
2018-06-27,315.606,0
2018-06-28,309.04400000000004,0
2018-06-29,301.811,0
2018-06-30,300.796,0
2018-07-01,309.26,0
2018-07-02,309.61,0
2018-07-03,358.41,0
2018-07-04,648.77,0
2018-07-05,854.83,0
2018-07-06,931.3,0
2018-07-07,912.27,0
2018-07-08,840.0,0
2018-07-09,835.38,0
2018-07-10,766.25,0
2018-07-11,772.16,0
2018-07-12,780.18,0
2018-07-13,774.54,0
2018-07-14,737.28,0
2018-07-15,476.31,0
2018-07-16,472.03,0
2018-07-17,459.75,0
2018-07-18,458.82,0
2018-07-19,396.83,0
2018-07-20,404.91,0
2018-07-21,447.22,0
2018-07-22,425.0,0
2018-07-23,424.8,0
2018-07-24,453.63,0
2018-07-25,697.92,0
2018-07-26,558.92,0
2018-07-27,639.79,0
2018-07-28,624.04,0
2018-07-29,842.35,0
2018-07-30,715.76,0
2018-07-31,752.32,0
2018-08-01,737.68,0
2018-08-02,789.41,0
2018-08-03,779.26,0
2018-08-04,769.09,0
2018-08-05,735.35,0
2018-08-06,656.63,0
2018-08-07,658.49,0
2018-08-08,730.86,0
2018-08-09,725.36,0
2018-08-10,728.91,0
2018-08-11,723.44,0
2018-08-12,723.0,0
2018-08-13,803.56,0
2018-08-14,656.93,0
2018-08-15,661.53,0
2018-08-16,682.58,0
2018-08-17,670.18,0
2018-08-18,478.13,0
2018-08-19,476.35,0
2018-08-20,476.2,0
2018-08-21,483.69,0
2018-08-22,534.51,0
2018-08-23,545.14,0
2018-08-24,552.73,0
2018-08-25,575.28,0
2018-08-26,548.71,0
2018-08-27,559.34,0
2018-08-28,559.13,0
2018-08-29,556.43,0
2018-08-30,580.16,0
2018-08-31,476.37,0
2018-09-01,562.21,0
2018-09-02,829.79,0
2018-09-03,623.96,0
2018-09-04,527.11,0
2018-09-05,545.24,0
2018-09-06,535.93,0
2018-09-07,558.02,0
2018-09-08,545.95,0
2018-09-09,553.8,0
2018-09-10,786.77,0
2018-09-11,585.39,0
2018-09-12,576.45,0
2018-09-13,539.72,0
2018-09-14,534.22,0
2018-09-15,522.95,0
2018-09-16,492.25,0
2018-09-17,482.02,0
2018-09-18,473.02,0
2018-09-19,477.19,0
2018-09-20,427.35,0
2018-09-21,415.55,0
2018-09-22,422.45,0
2018-09-23,424.0,0
2018-09-24,426.62,0
2018-09-25,392.26,0
2018-09-26,429.79,0
2018-09-27,448.53,0
2018-09-28,408.6,0
2018-09-29,448.95,0
2018-09-30,454.0,0
2018-10-01,400.432,0
2018-10-02,392.07,0
2018-10-03,390.193,0
2018-10-04,324.196,0
2018-10-05,340.0,0
2018-10-06,325.052,0
2018-10-07,310.1,0
2018-10-08,309.814,0
2018-10-09,306.57,0
2018-10-10,295.933,0
2018-10-11,202.794,0
2018-10-12,350.17,0
2018-10-13,194.651,0
2018-10-14,196.0,0
2018-10-15,195.592,0
2018-10-16,186.578,0
2018-10-17,185.285,0
2018-10-18,186.0,0
2018-10-19,188.0,0
2018-10-20,192.0,0
2018-10-21,190.5,0
2018-10-22,160.083,0
2018-10-23,114.586,0
2018-10-24,125.902,0
2018-10-25,122.545,0
2018-10-26,121.77,0
2018-10-27,120.323,0
2018-10-28,121.0,0
2018-10-29,122.554,0
2018-10-30,99.946,0
2018-10-31,100.714,0
2018-11-01,76.3,0
2018-11-02,73.5,0
2018-11-03,74.82,0
2018-11-04,74.3,0
2018-11-05,72.5,0
2018-11-06,72.3,0
2018-11-07,72.1,0
2018-11-08,95.465,0
2018-11-09,94.269,0
2018-11-10,93.855,0
2018-11-11,92.0,0
2018-11-12,88.669,0
2018-11-13,86.52,0
2018-11-14,87.542,0
2018-11-15,85.677,0
2018-11-16,82.031,0
2018-11-17,81.617,0
2018-11-18,81.5,0
2018-11-19,81.222,0
2018-11-20,78.137,0
2018-11-21,77.0,0
2018-11-22,76.97399999999999,0
2018-11-23,78.0,0
2018-11-24,75.36,0
2018-11-25,75.0,0
2018-11-26,74.827,0
2018-11-27,82.47,0
2018-11-28,80.485,0
2018-11-29,55.247,0
2018-11-30,54.2,0
2018-12-01,54.927,0
2018-12-02,54.0,0
2018-12-03,54.031000000000006,0
2018-12-04,53.656000000000006,0
2018-12-05,53.669,0
2018-12-06,53.984,0
2018-12-07,54.577,0
2018-12-08,53.34,0
2018-12-09,52.0,0
2018-12-10,51.667,0
2018-12-11,51.875,0
2018-12-12,52.185,0
2018-12-13,50.993,0
2018-12-14,48.876000000000005,0
2018-12-15,48.535,0
2018-12-16,47.5,0
2018-12-17,47.82,0
2018-12-18,47.664,0
2018-12-19,49.752,0
2018-12-20,48.82899999999999,0
2018-12-21,46.413,0
2018-12-22,48.258,0
2018-12-23,46.5,0
2018-12-24,48.433,0
2018-12-25,47.0,0
2018-12-26,47.39,0
2018-12-27,47.394,0
2018-12-28,47.208,0
2018-12-29,40.913,0
2018-12-30,40.0,0
2018-12-31,40.064,0
2019-01-01,40.695,0
2019-01-02,33.075,0
2019-01-03,26.422,0
2019-01-04,32.928000000000004,0
2019-01-05,30.654,0
2019-01-06,30.0,0
2019-01-07,30.513,0
2019-01-08,30.6,0
2019-01-09,30.387,0
2019-01-10,30.211,0
2019-01-11,29.778,0
2019-01-12,26.417,0
2019-01-13,27.0,0
2019-01-14,26.769,0
2019-01-15,26.851,0
2019-01-16,26.86,0
2019-01-17,26.389,0
2019-01-18,26.198,0
2019-01-19,27.01,0
2019-01-20,27.0,0
2019-01-21,27.714,0
2019-01-22,30.125,0
2019-01-23,28.216,0
2019-01-24,29.7014,0
2019-01-25,29.667,0
2019-01-26,29.0,0
2019-01-27,29.0,0
2019-01-28,29.463,0
2019-01-29,29.163,0
2019-01-30,28.257,0
2019-01-31,27.619,0
2019-02-01,27.812,0
2019-02-02,23.38,0
2019-02-03,24.0,0
2019-02-04,23.277,0
2019-02-05,22.784,0
2019-02-06,22.605,0
2019-02-07,23.078000000000003,0
2019-02-08,24.037,0
2019-02-09,26.358,0
2019-02-10,27.0,0
2019-02-11,26.191,0
2019-02-12,26.305,0
2019-02-13,26.475,0
2019-02-14,26.02,0
2019-02-15,20.177,0
2019-02-16,20.99,0
2019-02-17,25.0,0
2019-02-18,22.693,0
2019-02-19,22.541,0
2019-02-20,22.236,0
2019-02-21,22.291,0
2019-02-22,19.773,0
2019-02-23,19.955,0
2019-02-24,20.0,0
2019-02-25,20.973000000000003,0
2019-02-26,20.548,0
2019-02-27,21.63,0
2019-02-28,21.268,0
2019-03-01,22.15,0
2019-03-02,21.62,0
2019-03-03,22.0,0
2019-03-04,21.243,0
2019-03-05,20.483,0
2019-03-06,22.369,0
2019-03-07,23.743,0
2019-03-08,23.254,0
2019-03-09,22.309,0
2019-03-10,22.0,0
2019-03-11,22.377,0
2019-03-12,22.128,0
2019-03-13,21.83,0
2019-03-14,21.84,0
2019-03-15,21.96,0
2019-03-16,22.109,0
2019-03-17,24.0,0
2019-03-18,22.31,0
2019-03-19,24.457,0
2019-03-20,26.042,0
2019-03-21,28.0,0
2019-03-22,27.776,0
2019-03-23,27.491,0
2019-03-24,28.0,0
2019-03-25,27.014,0
2019-03-26,27.679,0
2019-03-27,32.496,0
2019-03-28,27.34,0
2019-03-29,26.398000000000003,0
2019-03-30,26.66,0
2019-03-31,29.5,0
2019-04-01,33.706,0
2019-04-02,33.259,0
2019-04-03,32.75,0
2019-04-04,30.29,0
2019-04-05,37.868,1
2019-04-06,35.429,0
2019-04-07,40.0,0
2019-04-08,38.5,0
2019-04-09,34.622,0
2019-04-10,37.338,0
2019-04-11,35.525,0
2019-04-12,34.9,0
2019-04-13,34.193000000000005,0
2019-04-14,35.0,0
2019-04-15,35.5,0
2019-04-16,35.372,0
2019-04-17,38.0,0
2019-04-18,36.22,0
2019-04-19,35.5,0
2019-04-20,32.221,0
2019-04-21,34.0,0
2019-04-22,31.972,0
2019-04-23,31.743,0
2019-04-24,31.848000000000003,0
2019-04-25,31.926,0
2019-04-26,36.419,0
2019-04-27,49.53,0
2019-04-28,65.0,0
2019-04-29,55.472,0
2019-04-30,56.248000000000005,0
2019-05-01,58.58,0
2019-05-02,72.8,0
2019-05-03,79.8,0
2019-05-04,71.5,0
2019-05-05,78.6,0
2019-05-06,70.8,0
2019-05-07,66.5,0
2019-05-08,62.3,0
2019-05-09,60.56,0
2019-05-10,77.6,0
2019-05-11,75.8,0
2019-05-12,88.6,0
2019-05-13,87.5,0
2019-05-14,74.6,0
2019-05-15,73.5,0
2019-05-16,76.5,0
2019-05-17,68.56,0
2019-05-18,72.5,0
2019-05-19,98.9,0
2019-05-20,73.6,0
2019-05-21,83.4,0
2019-05-22,76.3,0
2019-05-23,91.8,0
2019-05-24,90.8,0
2019-05-25,104.3,0
2019-05-26,118.6,0
2019-05-27,108.9,0
2019-05-28,100.45,0
2019-05-29,107.3,0
2019-05-30,98.4,0
2019-05-31,108.9,0
2019-06-01,79.77,0
2019-06-02,84.5,0
2019-06-03,83.18,0
2019-06-04,79.73,0
2019-06-05,80.0,0
2019-06-06,87.89,0
2019-06-07,85.24,0
2019-06-08,103.36,0
2019-06-09,104.0,0
2019-06-10,112.4,0
2019-06-11,103.84,0
2019-06-12,103.96,0
2019-06-13,101.42,0
2019-06-14,91.43,0
2019-06-15,136.19,0
2019-06-16,132.0,0
2019-06-17,130.15,0
2019-06-18,140.99,0
2019-06-19,119.82,0
2019-06-20,124.17,0
2019-06-21,123.63,0
2019-06-22,106.39,0
2019-06-23,120.0,0
2019-06-24,110.99,0
2019-06-25,110.99,0
2019-06-26,665.39,0
2019-06-27,578.24,0
2019-06-28,394.96,0
2019-06-29,255.7,0
2019-06-30,394.0,0
2019-07-01,213.98,0
2019-07-02,221.68,0
2019-07-03,205.09,0
2019-07-04,208.44,0
2019-07-05,207.58,0
2019-07-06,240.82,0
2019-07-07,308.0,0
2019-07-08,427.17,0
2019-07-09,323.83,0
2019-07-10,383.96,0
2019-07-11,597.88,0
2019-07-12,577.45,0
2019-07-13,554.81,0
2019-07-14,585.0,0
2019-07-15,563.83,0
2019-07-16,580.74,0
2019-07-17,568.36,0
2019-07-18,445.62,0
2019-07-19,451.75,0
2019-07-20,704.85,0
2019-07-21,700.0,0
2019-07-22,712.34,0
2019-07-23,995.94,0
2019-07-24,1125.74,0
2019-07-25,795.79,0
2019-07-26,727.19,0
2019-07-27,761.27,0
2019-07-28,750.0,0
2019-07-29,751.66,0
2019-07-30,751.96,0
2019-07-31,754.38,0
2019-08-01,719.31,0
2019-08-02,705.43,0
2019-08-03,627.79,0
2019-08-04,620.0,0
2019-08-05,633.29,0
2019-08-06,615.46,0
2019-08-07,577.08,0
2019-08-08,635.14,0
2019-08-09,613.33,0
2019-08-10,608.41,0
2019-08-11,565.06,0
2019-08-12,520.0,0
2019-08-13,551.07,0
2019-08-14,529.21,0
2019-08-15,531.0,0
2019-08-16,548.66,0
2019-08-17,556.98,0
2019-08-18,562.0,0
2019-08-19,494.52,0
2019-08-20,501.2,0
2019-08-21,498.47,0
2019-08-22,339.34,0
2019-08-23,339.28,0
2019-08-24,518.83,0
2019-08-25,500.0,0
2019-08-26,493.83,0
2019-08-27,463.8,0
2019-08-28,300.08,0
2019-08-29,305.76,0
2019-08-30,306.55,0
2019-08-31,331.87,0
2019-09-01,310.0,0
2019-09-02,322.46,0
2019-09-03,325.3,0
2019-09-04,316.74,0
2019-09-05,327.0,0
2019-09-06,507.01,0
2019-09-07,495.48,0
2019-09-08,478.0,0
2019-09-09,533.08,0
2019-09-10,523.0,0
2019-09-11,530.41,0
2019-09-12,523.44,0
2019-09-13,561.51,0
2019-09-14,555.87,0
2019-09-15,550.0,0
2019-09-16,553.87,0
2019-09-17,570.72,0
2019-09-18,524.13,0
2019-09-19,502.06,0
2019-09-20,484.4,0
2019-09-21,373.53,0
2019-09-22,389.0,0
2019-09-23,395.88,0
2019-09-24,408.33,0
2019-09-25,420.74,0
2019-09-26,409.89,0
2019-09-27,390.22,0
2019-09-28,387.24,0
2019-09-29,384.0,0
2019-09-30,393.75,0
2019-10-01,404.45,0
2019-10-02,384.0,0
2019-10-03,375.44,0
2019-10-04,397.67,0
2019-10-05,386.0,0
2019-10-06,388.0,0
2019-10-07,389.0,0
2019-10-08,394.0,0
2019-10-09,361.67,0
2019-10-10,296.47,0
2019-10-11,292.05,0
2019-10-12,284.88,0
2019-10-13,280.0,0
2019-10-14,279.66,0
2019-10-15,280.72,0
2019-10-16,260.38,0
2019-10-17,222.73,0
2019-10-18,218.87,0
2019-10-19,207.86,0
2019-10-20,202.0,0
2019-10-21,189.45,0
2019-10-22,174.43,0
2019-10-23,174.9,0
2019-10-24,173.96,0
2019-10-25,78.37,0
2019-10-26,168.65,0
2019-10-27,165.0,0
2019-10-28,162.92,0
2019-10-29,165.98,0
2019-10-30,154.7,0
2019-10-31,161.76,0
2019-11-01,78.25,0
2019-11-02,75.25,0
2019-11-03,72.4,0
2019-11-04,72.6,0
2019-11-05,72.75,0
2019-11-06,72.75,0
2019-11-07,72.75,0
2019-11-08,72.15,0
2019-11-09,72.2,0
2019-11-10,67.15,0
2019-11-11,67.0,0
2019-11-12,67.0,0
2019-11-13,67.0,0
2019-11-14,67.25,0
2019-11-15,67.75,0
2019-11-16,67.45,0
2019-11-17,67.45,0
2019-11-18,65.45,0
2019-11-19,65.3,0
2019-11-20,65.4,0
2019-11-21,65.5,0
2019-11-22,62.8,0
2019-11-23,62.5,0
2019-11-24,62.0,0
2019-11-25,81.8,0
2019-11-26,81.78,0
2019-11-27,80.6,0
2019-11-28,79.14,0
2019-11-29,78.39,0
2019-11-30,77.65,0
2019-12-01,77.0,0
2019-12-02,77.05,0
2019-12-03,75.76,0
2019-12-04,75.35,0
2019-12-05,75.8,0
2019-12-06,75.55,0
2019-12-07,74.96,0
2019-12-08,75.0,0
2019-12-09,73.77,0
2019-12-10,72.97,0
2019-12-11,73.19,0
2019-12-12,73.27,0
2019-12-13,72.96,0
2019-12-14,72.2,0
2019-12-15,72.0,0
2019-12-16,72.25,0
2019-12-17,65.07,0
2019-12-18,70.16,0
2019-12-19,69.23,0
2019-12-20,71.3,0
2019-12-21,71.93,0
2019-12-22,72.0,0
2019-12-23,70.8,0
2019-12-24,67.7,0
2019-12-25,68.0,0
2019-12-26,59.85,0
2019-12-27,53.23,0
2019-12-28,54.66,0
2019-12-29,55.0,0
2019-12-30,48.47,0
2019-12-31,44.8,0
2020-01-01,43.84,0
2020-01-02,43.9,0
2020-01-03,43.04,0
2020-01-04,41.65,0
2020-01-05,41.0,0
2020-01-06,40.12,0
2020-01-07,40.29,0
2020-01-08,39.75,0
2020-01-09,39.41,0
2020-01-10,39.0,0
2020-01-11,38.4,0
2020-01-12,39.0,0
2020-01-13,37.91,0
2020-01-14,37.84,0
2020-01-15,36.45,0
2020-01-16,36.4,0
2020-01-17,35.36,0
2020-01-18,37.32,0
2020-01-19,36.5,0
2020-01-20,36.24,0
2020-01-21,36.11,0
2020-01-22,35.68,0
2020-01-23,34.48,0
2020-01-24,35.44,0
2020-01-25,35.23,0
2020-01-26,35.0,0
2020-01-27,30.3,0
2020-01-28,31.25,0
2020-01-29,32.04,0
2020-01-30,31.5,0
2020-01-31,32.02,0
2020-02-01,32.87913108,0
2020-02-02,30.0,0
2020-02-03,30.75957591,0
2020-02-04,29.92821273,0
2020-02-05,29.01546429,0
2020-02-06,28.23,0
2020-02-07,27.88575136,0
2020-02-08,28.29022539,0
2020-02-09,28.0,0
2020-02-10,27.63,0
2020-02-11,27.72,0
2020-02-12,27.23,0
2020-02-13,26.73,0
2020-02-14,25.14,0
2020-02-15,24.82,0
2020-02-16,25.0,0
2020-02-17,24.51,0
2020-02-18,26.61,0
2020-02-19,23.81,0
2020-02-20,23.49,0
2020-02-21,23.59,0
2020-02-22,22.69,0
2020-02-23,22.5,0
2020-02-24,23.36,0
2020-02-25,22.52,0
2020-02-26,23.88,0
2020-02-27,24.77,0
2020-02-28,23.98,0
2020-02-29,23.55,0
2020-03-01,23.5,0
2020-03-02,22.84,0
2020-03-03,26.21,0
2020-03-04,28.93,0
2020-03-05,24.55,0
2020-03-06,24.03,0
2020-03-07,23.72,0
2020-03-08,23.0,0
2020-03-09,23.89,0
2020-03-10,23.5,0
2020-03-11,23.97,0
2020-03-12,23.92,0
2020-03-13,22.85,0
2020-03-14,23.65,0
2020-03-15,24.0,0
2020-03-16,23.06,0
2020-03-17,22.47,0
2020-03-18,23.02,0
2020-03-19,22.73,0
2020-03-20,23.23,0
2020-03-21,24.23,0
2020-03-22,24.0,0
2020-03-23,23.66,0
2020-03-24,22.93,0
2020-03-25,23.28851851851852,0
2020-03-26,23.64703703703704,0
2020-03-27,24.00555555555556,0
2020-03-28,24.364074074074075,0
2020-03-29,24.72259259259259,0
2020-03-30,25.08111111111111,0
2020-03-31,25.43962962962963,0
2020-04-01,25.798148148148147,0
2020-04-02,26.156666666666663,0
2020-04-03,26.515185185185185,0
2020-04-04,26.873703703703704,0
2020-04-05,27.232222222222223,0
2020-04-06,27.590740740740745,0
2020-04-07,27.949259259259257,0
2020-04-08,28.307777777777776,0
2020-04-09,28.66629629629629,0
2020-04-10,29.02481481481481,0
2020-04-11,29.383333333333333,0
2020-04-12,29.74185185185185,0
2020-04-13,30.10037037037037,0
2020-04-14,30.45888888888889,0
2020-04-15,30.81740740740741,0
2020-04-16,31.175925925925924,0
2020-04-17,31.534444444444446,0
2020-04-18,31.89296296296296,0
2020-04-19,32.25148148148148,0
2020-04-20,32.61,0
2020-04-21,33.01,0
2020-04-22,30.19,0
2020-04-23,31.46,0
2020-04-24,31.42,0
2020-04-25,3.79,0
2020-04-26,31.0,0
2020-04-27,30.05,0
2020-04-28,34.52,0
2020-04-29,35.24,0
2020-04-30,36.37,0
2020-05-01,37.0,0
2020-05-02,38.02,1
2020-05-03,41.0,0
2020-05-04,41.45,0
2020-05-05,55.42,0
2020-05-06,58.58,0
2020-05-07,57.52,0
2020-05-08,63.52,0
2020-05-09,59.81,0
2020-05-10,60.0,0
2020-05-11,60.34,0
2020-05-12,60.36,0
2020-05-13,60.14,0
2020-05-14,60.83,0
2020-05-15,61.01,0
2020-05-16,76.43,0
2020-05-17,72.0,0
2020-05-18,70.0,0
2020-05-19,72.19,0
2020-05-20,72.65,0
2020-05-21,115.09,0
2020-05-22,112.45,0
2020-05-23,114.41,0
2020-05-24,116.55,0
2020-05-25,127.0,0
2020-05-26,122.95,0
2020-05-27,119.13,0
2020-05-28,112.26,0
2020-05-29,111.84,0
2020-05-30,111.38,0
2020-05-31,109.0,0
2020-06-01,102.95,0
2020-06-02,100.7,0
2020-06-03,116.66,0
2020-06-04,125.27,0
2020-06-05,134.02,0
2020-06-06,102.43,0
2020-06-07,160.0,0
2020-06-08,132.3,0
2020-06-09,158.85,0
2020-06-10,157.71,0
2020-06-11,154.11,0
2020-06-12,309.61,0
2020-06-13,315.7,0
2020-06-14,300.0,0
2020-06-15,340.57,0
2020-06-16,642.66,0
2020-06-17,461.68,0
2020-06-18,474.12,0
2020-06-19,348.3,0
2020-06-20,434.35,0
2020-06-21,410.0,0
2020-06-22,390.51,0
2020-06-23,412.69,0
2020-06-24,402.25,0
2020-06-25,442.65,0
2020-06-26,611.4,0
2020-06-27,665.66,0
2020-06-28,600.0,0
2020-06-29,497.75,0
2020-06-30,416.73,0
2020-07-01,352.27,0
2020-07-02,376.46,0
2020-07-03,418.4,0
2020-07-04,390.47,0
2020-07-05,336.0,0
2020-07-06,361.61,0
2020-07-07,452.13,0
2020-07-08,491.85,0
2020-07-09,480.03,0
2020-07-10,771.78,0
2020-07-11,1007.19,0
2020-07-12,1007.0,0
2020-07-13,460.71,0
2020-07-14,535.57,0
2020-07-15,486.45,0
2020-07-16,494.43,0
2020-07-17,525.87,0
2020-07-18,509.95,0
2020-07-19,483.0,0
2020-07-20,523.49,0
2020-07-21,575.21,0
2020-07-22,666.97,0
2020-07-23,480.57,0
2020-07-24,489.86,0
2020-07-25,433.5,0
2020-07-26,392.0,0
2020-07-27,445.66,0
2020-07-28,379.92,0
2020-07-29,398.27,0
2020-07-30,415.71,0
2020-07-31,428.64,0
2020-08-01,436.0,0
2020-08-02,454.0,0
2020-08-03,365.86,0
2020-08-04,348.83,0
2020-08-05,336.5,0
2020-08-06,329.35,0
2020-08-07,345.59,0
2020-08-08,308.28,0
2020-08-09,333.0,0
2020-08-10,340.06,0
2020-08-11,345.36,0
2020-08-12,362.87,0
2020-08-13,393.48,0
2020-08-14,450.87,0
2020-08-15,486.0,0
2020-08-16,452.0,0
2020-08-17,478.14,0
2020-08-18,473.52,0
2020-08-19,476.73,0
2020-08-20,456.55,0
2020-08-21,471.65,0
2020-08-22,482.43,0
2020-08-23,491.0,0
2020-08-24,486.95,0
2020-08-25,471.4,0
2020-08-26,487.26,0
2020-08-27,441.21,0
2020-08-28,467.25,0
2020-08-29,459.11,0
2020-08-30,447.0,0
2020-08-31,491.01,0
2020-09-01,452.63,0
2020-09-02,444.71,0
2020-09-03,404.77,0
2020-09-04,384.31,0
2020-09-05,414.47,0
2020-09-06,375.0,0
2020-09-07,407.19,0
2020-09-08,394.63,0
2020-09-09,417.16,0
2020-09-10,394.58,0
2020-09-11,433.79,0
2020-09-12,447.5,0
2020-09-13,447.0,0
2020-09-14,453.53,0
2020-09-15,472.07,0
2020-09-16,468.18,0
2020-09-17,517.56,0
2020-09-18,491.74,0
2020-09-19,481.87,0
2020-09-20,465.0,0
2020-09-21,466.85,0
2020-09-22,459.16,0
2020-09-23,480.84,0
2020-09-24,535.44,0
2020-09-25,495.65,0
2020-09-26,497.6,0
2020-09-27,497.0,0
2020-09-28,438.03,0
2020-09-29,429.31,0
2020-09-30,399.61,0
2020-10-01,294.4,0
2020-10-02,287.0,0
2020-10-03,295.89,0
2020-10-04,291.0,0
2020-10-05,291.3,0
2020-10-06,297.78,0
2020-10-07,279.82,0
2020-10-08,271.71,0
2020-10-09,274.7,0
2020-10-10,277.96,0
2020-10-11,271.0,0
2020-10-12,269.57,0
2020-10-13,276.7,0
2020-10-14,247.15,0
2020-10-15,244.21,0
2020-10-16,229.41,0
2020-10-17,229.07,0
2020-10-18,227.0,0
2020-10-19,226.62,0
2020-10-20,222.11,0
2020-10-21,217.52,0
2020-10-22,211.31,0
2020-10-23,224.0,0
2020-10-24,155.05,0
2020-10-25,156.0,0
2020-10-26,157.67,0
2020-10-27,161.61,0
2020-10-28,159.99,0
2020-10-29,154.43,0
2020-10-30,153.0,0
2020-10-31,151.26,0
2020-11-01,107.0,0
2020-11-02,106.0,0
2020-11-03,106.0,0
2020-11-04,105.0,0
2020-11-05,104.0,0
2020-11-06,104.0,0
2020-11-07,104.0,0
2020-11-08,102.0,0
2020-11-09,101.0,0
2020-11-10,101.0,0
2020-11-11,101.0,0
2020-11-12,101.0,0
2020-11-13,101.0,0
2020-11-14,92.0,0
2020-11-15,92.0,0
2020-11-16,92.0,0
2020-11-17,90.0,0
2020-11-18,90.0,0
2020-11-19,90.0,0
2020-11-20,90.0,0
2020-11-21,90.0,0
2020-11-22,90.0,0
2020-11-23,90.0,0
2020-11-24,90.0,0
2020-11-25,90.0,0
2020-11-26,89.0,0
2020-11-27,87.0,0
2020-11-28,87.0,0
2020-11-29,87.0,0
2020-11-30,87.0,0
2020-12-01,88.25,0
2020-12-02,85.25,0
2020-12-03,85.25,0
2020-12-04,84.25,0
2020-12-05,90.2,0
2020-12-06,85.23,0
2020-12-07,81.25,0
2020-12-08,76.0,0
2020-12-09,72.0,0
2020-12-10,68.0,0
2020-12-11,68.0,0
2020-12-12,66.58,0
2020-12-13,67.0,0
2020-12-14,65.25,0
2020-12-15,65.25,0
2020-12-16,58.91,0
2020-12-17,54.62,0
2020-12-18,56.33,0
2020-12-19,55.31,0
2020-12-20,55.0,0
2020-12-21,56.63,0
2020-12-22,45.56,0
2020-12-23,46.92,0
2020-12-24,44.91,0
2020-12-25,44.0,0
2020-12-26,38.27,0
2020-12-27,38.0,0
2020-12-28,38.59,0
2020-12-29,42.09,0
2020-12-30,38.89,0
2020-12-31,42.4,0
2021-01-01,41.99,0
2021-01-02,44.68,0
2021-01-03,44.29,0
2021-01-04,42.31,0
2021-01-05,43.94,0
2021-01-06,40.46,0
2021-01-07,40.28,0
2021-01-08,36.83,0
2021-01-09,35.6,0
2021-01-10,35.0,0
2021-01-11,34.21,0
2021-01-12,32.0,0
2021-01-13,32.26,0
2021-01-14,32.32,0
2021-01-15,32.62,0
2021-01-16,29.84,0
2021-01-17,29.0,0
2021-01-18,28.07,0
2021-01-19,24.26,0
2021-01-20,36.62,0
2021-01-21,37.04,0
2021-01-22,36.19,0
2021-01-23,36.16,0
2021-01-24,34.0,0
2021-01-25,32.69,0
2021-01-26,32.0,0
2021-01-27,31.9,0
2021-01-28,34.02,0
2021-01-29,32.0,0
2021-01-30,32.35,0
2021-01-31,32.0,0
2021-02-01,30.63,0
2021-02-02,29.85,0
2021-02-03,28.27,0
2021-02-04,23.07,0
2021-02-05,22.35,0
2021-02-06,23.2,0
2021-02-07,23.0,0
2021-02-08,22.13,0
2021-02-09,21.35,0
2021-02-10,21.65,0
2021-02-11,22.51,0
2021-02-12,22.01,0
2021-02-13,20.71,0
2021-02-14,20.0,0
2021-02-15,19.31,0
2021-02-16,19.0,0
2021-02-17,19.5,0
2021-02-18,22.31,0
2021-02-19,22.77,0
2021-02-20,22.7,0
2021-02-21,22.5,0
2021-02-22,21.0,0
2021-02-23,17.3,0
2021-02-24,17.72,0
2021-02-25,20.34,0
2021-02-26,20.7,0
2021-02-27,20.02,0
2021-02-28,19.75,0
2021-03-01,21.17,0
2021-03-02,23.84,0
2021-03-03,24.54,0
2021-03-04,25.21,0
2021-03-05,27.47,0
2021-03-06,27.63,0
2021-03-07,27.87,0
2021-03-08,26.11,0
2021-03-09,26.76,0
2021-03-10,25.64,0
2021-03-11,23.57,0
2021-03-12,29.4,0
2021-03-13,29.09,0
2021-03-14,30.87,0
2021-03-15,28.75,0
2021-03-16,25.28,0
2021-03-17,29.34,0
2021-03-18,27.21,0
2021-03-19,24.61,0
2021-03-20,24.13,0
2021-03-21,24.13,0
2021-03-22,21.38,0
2021-03-23,24.31,0
2021-03-24,23.81,0
2021-03-25,24.13,0
2021-03-26,25.3,0
2021-03-27,24.22,0
2021-03-28,24.73,0
2021-03-29,24.73,0
2021-03-30,24.3,0
2021-03-31,28.81,0
2021-04-01,24.54,0
2021-04-02,24.3,0
2021-04-03,25.28,0
2021-04-04,24.61,0
2021-04-05,23.5,0
2021-04-06,22.75,0
2021-04-07,22.75,0
2021-04-08,22.75,0
2021-04-09,24.54,0
2021-04-10,25.54,0
2021-04-11,26.25,0
2021-04-12,26.25,0
2021-04-13,24.54,0
2021-04-14,25.28,0
2021-04-15,25.28,0
2021-04-16,24.54,0
2021-04-17,24.3,0
2021-04-18,25.25,0
2021-04-19,25.75,0
2021-04-20,43.0,1
2021-04-21,40.0,0
2021-04-22,40.0,0
2021-04-23,47.0,0
2021-04-24,36.5,0
2021-04-25,34.0,0
2021-04-26,32.0,0
2021-04-27,34.0,0
2021-04-28,36.5,0
2021-04-29,40.0,0
2021-04-30,40.0,0
2021-05-01,40.0,0
2021-05-02,36.5,0
2021-05-03,36.5,0
2021-05-04,62.5,0
2021-05-05,50.5,0
2021-05-06,50.5,0
2021-05-07,102.0,0
2021-05-08,82.0,0
2021-05-09,56.0,0
2021-05-10,62.5,0
2021-05-11,62.5,0
2021-05-12,56.0,0
2021-05-13,82.0,0
2021-05-14,56.0,0
2021-05-15,112.0,0
2021-05-16,56.0,0
2021-05-17,56.0,0
2021-05-18,56.0,0
2021-05-19,112.0,0
2021-05-20,102.0,0
2021-05-21,142.0,0
2021-05-22,82.0,0
2021-05-23,72.0,0
2021-05-24,72.0,0
2021-05-25,72.0,0
2021-05-26,72.0,0
2021-05-27,112.0,0
2021-05-28,300.0,0
2021-05-29,260.3,0
2021-05-30,202.0,0
2021-05-31,192.0,0
